,,,,,,,,
,id,accountId,createdAt,updatedAt,expenses,grossProfit,grossRevenue,netProfit
,01J9WS55DN3C0SK0MZSAAW5W0T,01J5ZX1CP0EM2Y7YD9E1XNBGZ4,2024-10-11 03:15:02.712,2024-10-11 03:15:02.712,493731,940452,980952,155121
,01JA9N573JDNYVH1YACGGPGPW0,01J5ZX1CP0EM2Y7YD9E1XNBGZ4,2024-10-16 03:15:17.747,2024-10-16 03:15:17.747,493731,940452,980952,155121
,01JA9N57AB4AZXFDTF73X9YNK4,01J5ZX1CP0EM2Y7YD9E1XNBGZ4,2024-10-16 03:15:17.964,2024-10-16 03:15:17.964,493731,940452,980952,155121
,01JAHCB9F9HW4RPV56WAT3M41Y,01J5ZX1CP0EM2Y7YD9E1XNBGZ4,2024-10-19 03:15:15.055,2024-10-19 03:15:15.055,4539100,15542653,17103545,11003553
,01JAHCBAP0ERTFSRE9QZYXZFJ4,01J5ZX1CP0EM2Y7YD9E1XNBGZ4,2024-10-19 03:15:16.289,2024-10-19 03:15:16.289,4539100,15542653,17103545,11003553
,01JAHCBC3P0WA72KCHKVS7QWF5,01J5ZX1CP0EM2Y7YD9E1XNBGZ4,2024-10-19 03:15:17.752,2024-10-19 03:15:17.752,4539100,15542653,17103545,11003553
,01JAHCBDB5B70E727FZC3CGGHD,01J5ZX1CP0EM2Y7YD9E1XNBGZ4,2024-10-19 03:15:19.014,2024-10-19 03:15:19.014,4539100,15542653,17103545,11003553
,01JAKYQTAEQQ9CBYK0DFRCBVMX,01J5ZX1CP0EM2Y7YD9E1XNBGZ4,2024-10-20 03:15:08.751,2024-10-20 03:15:08.751,4539100,15542653,17103545,11003553
,01JAKYQVDXHMKTQ016Z160A2HF,01J5ZX1CP0EM2Y7YD9E1XNBGZ4,2024-10-20 03:15:09.887,2024-10-20 03:15:09.887,4539100,15542653,17103545,11003553
,01JAKYQWH0RDBQBZWJ4SH8YJ6R,01J5ZX1CP0EM2Y7YD9E1XNBGZ4,2024-10-20 03:15:11.01,2024-10-20 03:15:11.01,4539100,15542653,17103545,11003553
,01JAPH4DXMRWB47X417BYTZ59K,01J5ZX1CP0EM2Y7YD9E1XNBGZ4,2024-10-21 03:15:05.269,2024-10-21 03:15:05.269,4539100,15542653,17103545,11003553
,01JAPH4F3ZYFYE0ZV2KWM380TX,01J5ZX1CP0EM2Y7YD9E1XNBGZ4,2024-10-21 03:15:06.497,2024-10-21 03:15:06.497,4539100,15542653,17103545,11003553
,01JAPH4G8AF1EAPWQRWF4DD4GB,01J5ZX1CP0EM2Y7YD9E1XNBGZ4,2024-10-21 03:15:07.659,2024-10-21 03:15:07.659,4539100,15542653,17103545,11003553
,01JAS3HKJJ28G61CFMW2DPH2CB,01J5ZX1CP0EM2Y7YD9E1XNBGZ4,2024-10-22 03:15:20.275,2024-10-22 03:15:20.275,4539100,15542653,17103545,11003553
,01JAS3HMP3EVQ6HNR1T650V68R,01J5ZX1CP0EM2Y7YD9E1XNBGZ4,2024-10-22 03:15:21.412,2024-10-22 03:15:21.412,4539100,15542653,17103545,11003553
,01JAS3HNS8TAQ155ZPP7ASXSSZ,01J5ZX1CP0EM2Y7YD9E1XNBGZ4,2024-10-22 03:15:22.538,2024-10-22 03:15:22.538,4539100,15542653,17103545,11003553
,01JHHCY781S3XP6G84XQG1XDZD,01JGCGXGGS9W8XGDQB0AXNN7HN,2025-01-14 03:15:28.13,2025-01-14 03:15:28.13,436178,-17399,74412,-453577
,01JHHCY9GH84SD9HBQY2XQEB7H,01JGCGXGGS9W8XGDQB0AXNN7HN,2025-01-14 03:15:30.45,2025-01-14 03:15:30.45,436178,-17399,74412,-453577
,01JHHCYAKXGX4H3V28R9P10ZXN,01JGCGXGGS9W8XGDQB0AXNN7HN,2025-01-14 03:15:31.582,2025-01-14 03:15:31.582,436178,-17399,74412,-453577
,01JHHCYBVDRXEMW5DY6BEE0P9Q,01JGCGXGGS9W8XGDQB0AXNN7HN,2025-01-14 03:15:32.847,2025-01-14 03:15:32.847,436178,-17399,74412,-453577
,01JHHCYCYCXSFD4TPA0C6882FM,01JGCGXGGS9W8XGDQB0AXNN7HN,2025-01-14 03:15:33.965,2025-01-14 03:15:33.965,436178,-17399,74412,-453577
,01JHHCYE2GFHFF49FJP6733R6S,01JGCGXGGS9W8XGDQB0AXNN7HN,2025-01-14 03:15:35.121,2025-01-14 03:15:35.121,436178,-17399,74412,-453577
,01JHKZART50G7BQBZH39PN4XZE,01JGCGXGGS9W8XGDQB0AXNN7HN,2025-01-15 03:15:22.566,2025-01-15 03:15:22.566,436178,-17399,74412,-453577
,01JHKZAZWHPCEYX306WWYAXAR3,01JGCGXGGS9W8XGDQB0AXNN7HN,2025-01-15 03:15:29.81,2025-01-15 03:15:29.81,436178,-17399,74412,-453577
,01JHKZB10VS04G42JV53F0T916,01JGCGXGGS9W8XGDQB0AXNN7HN,2025-01-15 03:15:30.972,2025-01-15 03:15:30.972,436178,-17399,74412,-453577
,01JHKZB23MPH1TAH0ZB6VZWEEX,01JGCGXGGS9W8XGDQB0AXNN7HN,2025-01-15 03:15:32.086,2025-01-15 03:15:32.086,436178,-17399,74412,-453577
,01JHKZB36RXDPZP5FW6M4ZWV7G,01JGCGXGGS9W8XGDQB0AXNN7HN,2025-01-15 03:15:33.209,2025-01-15 03:15:33.209,436178,-17399,74412,-453577
,01JHKZB49YMCHXG749YRCS0GM8,01JGCGXGGS9W8XGDQB0AXNN7HN,2025-01-15 03:15:34.335,2025-01-15 03:15:34.335,436178,-17399,74412,-453577
,01JHKZB5CAEQ21E4Q66ZEZXBZE,01JGCGXGGS9W8XGDQB0AXNN7HN,2025-01-15 03:15:35.435,2025-01-15 03:15:35.435,436178,-17399,74412,-453577
,01JHKZB6ED3MFCNGNHX3MBB3RD,01JGCGXGGS9W8XGDQB0AXNN7HN,2025-01-15 03:15:36.526,2025-01-15 03:15:36.526,436178,-17399,74412,-453577
,01JHKZB7H6FRD8GGPGG3SB9EAC,01JGCGXGGS9W8XGDQB0AXNN7HN,2025-01-15 03:15:37.639,2025-01-15 03:15:37.639,436178,-17399,74412,-453577
,01JHPHQ5EDMWF1T522X80WQNVZ,01JGCGXGGS9W8XGDQB0AXNN7HN,2025-01-16 03:15:11.951,2025-01-16 03:15:11.951,436178,-17399,74412,-453577
,01JHPHQ6KG2PRBNG394W3G5PCY,01JGCGXGGS9W8XGDQB0AXNN7HN,2025-01-16 03:15:13.137,2025-01-16 03:15:13.137,436178,-17399,74412,-453577
,01JHPHQ7S92HAERWE55A1V02SP,01JGCGXGGS9W8XGDQB0AXNN7HN,2025-01-16 03:15:14.346,2025-01-16 03:15:14.346,436178,-17399,74412,-453577
,01JHPHQ8XX7RTJRF2Q2X3SQC9B,01JGCGXGGS9W8XGDQB0AXNN7HN,2025-01-16 03:15:15.518,2025-01-16 03:15:15.518,436178,-17399,74412,-453577
,01JHPHQA0T4GGJD0CRTDVYYBYE,01JGCGXGGS9W8XGDQB0AXNN7HN,2025-01-16 03:15:16.635,2025-01-16 03:15:16.635,436178,-17399,74412,-453577
,01JHS43MAXPX6J245XZJFDM3KA,01JGCGXGGS9W8XGDQB0AXNN7HN,2025-01-17 03:15:03.647,2025-01-17 03:15:03.647,1336178,-17399,74412,-1353577
,01JHS43NHW88NB27NQZ581QFBG,01JGCGXGGS9W8XGDQB0AXNN7HN,2025-01-17 03:15:04.893,2025-01-17 03:15:04.893,1336178,-17399,74412,-1353577
,01JHS43PPF6MV28H69K2X7CTTJ,01JGCGXGGS9W8XGDQB0AXNN7HN,2025-01-17 03:15:06.065,2025-01-17 03:15:06.065,1336178,-17399,74412,-1353577
,01JHS43QS4Q3FX23JZRWN36WCC,01JGCGXGGS9W8XGDQB0AXNN7HN,2025-01-17 03:15:07.173,2025-01-17 03:15:07.173,1336178,-17399,74412,-1353577
,01JHS43RVCVPYFTM0KSRE1QDVP,01JGCGXGGS9W8XGDQB0AXNN7HN,2025-01-17 03:15:08.269,2025-01-17 03:15:08.269,1336178,-17399,74412,-1353577
,01JJB4X78597QQX16SN2XXRAHW,01JGCGXGGS9W8XGDQB0AXNN7HN,2025-01-24 03:15:21.99,2025-01-24 03:15:21.99,1895408,-17399,74412,-1912807
,01JJB4X8DSEVKRX9DP3G4D2PTX,01JGCGXGGS9W8XGDQB0AXNN7HN,2025-01-24 03:15:23.194,2025-01-24 03:15:23.194,1895408,-17399,74412,-1912807
,01JJB4X9PHZN8BMDRR2HBSNTAA,01JGCGXGGS9W8XGDQB0AXNN7HN,2025-01-24 03:15:24.499,2025-01-24 03:15:24.499,1895408,-17399,74412,-1912807
,01JJB4XASHMS3R048ZCP3ENE6G,01JGCGXGGS9W8XGDQB0AXNN7HN,2025-01-24 03:15:25.618,2025-01-24 03:15:25.618,1895408,-17399,74412,-1912807
,01JJB4XBX7646V192BABF728VE,01JGCGXGGS9W8XGDQB0AXNN7HN,2025-01-24 03:15:26.76,2025-01-24 03:15:26.76,1895408,-17399,74412,-1912807
,01JJB4XD2AEB5A4BAYG62RWNJV,01JGCGXGGS9W8XGDQB0AXNN7HN,2025-01-24 03:15:27.947,2025-01-24 03:15:27.947,1895408,-17399,74412,-1912807
,01JJB4XEH9HW8G5ETH5TRXG4HY,01JGCGXGGS9W8XGDQB0AXNN7HN,2025-01-24 03:15:29.45,2025-01-24 03:15:29.45,1895408,-17399,74412,-1912807
,01JJB4XFV3V0ZC28ZWGP3GYY01,01JGCGXGGS9W8XGDQB0AXNN7HN,2025-01-24 03:15:30.788,2025-01-24 03:15:30.788,1895408,-17399,74412,-1912807
,01JJB4XGZ68ESQH80N8RRA5KM3,01JGCGXGGS9W8XGDQB0AXNN7HN,2025-01-24 03:15:31.943,2025-01-24 03:15:31.943,1895408,-17399,74412,-1912807
,01JJB4XJ23FZCYJZCZMPY09BDC,01JGCGXGGS9W8XGDQB0AXNN7HN,2025-01-24 03:15:33.06,2025-01-24 03:15:33.06,1895408,-17399,74412,-1912807
,01JJDQ9CPH69H3D1KTK25P43D2,01JGCGXGGS9W8XGDQB0AXNN7HN,2025-01-25 03:15:04.019,2025-01-25 03:15:04.019,1895408,-17399,74412,-1912807
,01JJNEG95VSN104V54XS1DM36C,01JGCGXGGS9W8XGDQB0AXNN7HN,2025-01-28 03:15:28.06,2025-01-28 03:15:28.06,1895408,-17399,74412,-1912807
,01JJNEGAAQKDPWF657SBSM6RVE,01JGCGXGGS9W8XGDQB0AXNN7HN,2025-01-28 03:15:29.24,2025-01-28 03:15:29.24,1895408,-17399,74412,-1912807
,01JJNEGBEWQYJ2WC62K4BW93V2,01JGCGXGGS9W8XGDQB0AXNN7HN,2025-01-28 03:15:30.397,2025-01-28 03:15:30.397,1895408,-17399,74412,-1912807
,01JJNEGCJXCAGPC3AN8NBFHXNG,01JGCGXGGS9W8XGDQB0AXNN7HN,2025-01-28 03:15:31.55,2025-01-28 03:15:31.55,1895408,-17399,74412,-1912807
,01JJNEGDN83N4CDPCYRTRGPB94,01JGCGXGGS9W8XGDQB0AXNN7HN,2025-01-28 03:15:32.649,2025-01-28 03:15:32.649,1895408,-17399,74412,-1912807
,01JJNEGER98VXKS1VED2K554HX,01JGCGXGGS9W8XGDQB0AXNN7HN,2025-01-28 03:15:33.77,2025-01-28 03:15:33.77,1895408,-17399,74412,-1912807
,01JJNEGFV0YXQEWZYVA8JH275X,01JGCGXGGS9W8XGDQB0AXNN7HN,2025-01-28 03:15:34.882,2025-01-28 03:15:34.882,1895408,-17399,74412,-1912807
,01JJNEGGZ434JBMQH0V911M6PZ,01JGCGXGGS9W8XGDQB0AXNN7HN,2025-01-28 03:15:36.037,2025-01-28 03:15:36.037,1895408,-17399,74412,-1912807
,01JJNEGJ3N7BB6HF1K4DDE6GX4,01JGCGXGGS9W8XGDQB0AXNN7HN,2025-01-28 03:15:37.207,2025-01-28 03:15:37.207,1895408,-17399,74412,-1912807
,01JJR0WGT2VWRN6VGJWAXRFYMV,01JGCGXGGS9W8XGDQB0AXNN7HN,2025-01-29 03:15:12.324,2025-01-29 03:15:12.324,1895408,-17399,74412,-1912807
,01JJR0WJ0FR0TSXVM3QSDF4VFX,01JGCGXGGS9W8XGDQB0AXNN7HN,2025-01-29 03:15:13.552,2025-01-29 03:15:13.552,1895408,-17399,74412,-1912807
,01JJR0WK6FEBBJ5CAN7970CFJ9,01JGCGXGGS9W8XGDQB0AXNN7HN,2025-01-29 03:15:14.769,2025-01-29 03:15:14.769,1895408,-17399,74412,-1912807
,01JJR0WM9QK644AZZ23ET77JGK,01JGCGXGGS9W8XGDQB0AXNN7HN,2025-01-29 03:15:15.896,2025-01-29 03:15:15.896,1895408,-17399,74412,-1912807
,01JJR0WNDHPHB17K8F1YB67PEQ,01JGCGXGGS9W8XGDQB0AXNN7HN,2025-01-29 03:15:17.042,2025-01-29 03:15:17.042,1895408,-17399,74412,-1912807
,01JJTK8ZMACD4XQV6GE0B1AQD7,01JGCGXGGS9W8XGDQB0AXNN7HN,2025-01-30 03:15:03.947,2025-01-30 03:15:03.947,1895408,-17399,74412,-1912807
,01JJTK90VBYQH9AV2MN6C0WG1N,01JGCGXGGS9W8XGDQB0AXNN7HN,2025-01-30 03:15:05.196,2025-01-30 03:15:05.196,1895408,-17399,74412,-1912807
,01JJTK920KWB5VZBKW005P6DA3,01JGCGXGGS9W8XGDQB0AXNN7HN,2025-01-30 03:15:06.389,2025-01-30 03:15:06.389,1895408,-17399,74412,-1912807
,01JJTK935YRX8FJNJ8S7A3C8HP,01JGCGXGGS9W8XGDQB0AXNN7HN,2025-01-30 03:15:07.583,2025-01-30 03:15:07.583,1895408,-17399,74412,-1912807
,01JJTK948XSQYPRR4GDDZH8K85,01JGCGXGGS9W8XGDQB0AXNN7HN,2025-01-30 03:15:08.702,2025-01-30 03:15:08.702,1895408,-17399,74412,-1912807
,01JJX5NPZ5QZ197TW8070CFTYK,01JGCGXGGS9W8XGDQB0AXNN7HN,2025-01-31 03:15:04.294,2025-01-31 03:15:04.294,1895408,-17399,74412,-1912807
,01JJX5NR3GT6S7TZAGS0NDX0AD,01JGCGXGGS9W8XGDQB0AXNN7HN,2025-01-31 03:15:05.457,2025-01-31 03:15:05.457,1895408,-17399,74412,-1912807
,01JJX5NS76S03PBN3R4DFJ0ZPG,01JGCGXGGS9W8XGDQB0AXNN7HN,2025-01-31 03:15:06.599,2025-01-31 03:15:06.599,1895408,-17399,74412,-1912807
,01JJX5NTCNK1WCYP9H9RJ2ZZYK,01JGCGXGGS9W8XGDQB0AXNN7HN,2025-01-31 03:15:07.799,2025-01-31 03:15:07.799,1895408,-17399,74412,-1912807
,01JJX5NVH0WXKP9YXV7S5QV2ZY,01JGCGXGGS9W8XGDQB0AXNN7HN,2025-01-31 03:15:08.961,2025-01-31 03:15:08.961,1895408,-17399,74412,-1912807
,01JJZR2DN1N0W13XBV86BTPW76,01JGCGXGGS9W8XGDQB0AXNN7HN,2025-02-01 03:15:03.971,2025-02-01 03:15:03.971,1895408,-17399,74412,-1912807
,01JJZR2ES6KYZT1DEV4Q2A6G5A,01JGCGXGGS9W8XGDQB0AXNN7HN,2025-02-01 03:15:05.127,2025-02-01 03:15:05.127,1895408,-17399,74412,-1912807
,01JJZR2FWQPCMD7TRNSPH933HN,01JGCGXGGS9W8XGDQB0AXNN7HN,2025-02-01 03:15:06.264,2025-02-01 03:15:06.264,1895408,-17399,74412,-1912807
,01JJZR2H1T96VYYD5YE87XJAKE,01JGCGXGGS9W8XGDQB0AXNN7HN,2025-02-01 03:15:07.451,2025-02-01 03:15:07.451,1895408,-17399,74412,-1912807
,01JJZR2J5WEHR9H13RGK7QZGH9,01JGCGXGGS9W8XGDQB0AXNN7HN,2025-02-01 03:15:08.605,2025-02-01 03:15:08.605,1895408,-17399,74412,-1912807
,01JK2AF4XM6KVH5XHMRP833CM7,01JGCGXGGS9W8XGDQB0AXNN7HN,2025-02-02 03:15:04.245,2025-02-02 03:15:04.245,34339,0,0,-34339
,01JK2AF62S2A4NDABXHK43K79A,01JGCGXGGS9W8XGDQB0AXNN7HN,2025-02-02 03:15:05.435,2025-02-02 03:15:05.435,34339,0,0,-34339
,01JK2AF77Y72M8M0MF7RK7STDT,01JGCGXGGS9W8XGDQB0AXNN7HN,2025-02-02 03:15:06.623,2025-02-02 03:15:06.623,34339,0,0,-34339
,01JK2AF8C1FDYMKYWWXC62EXQ7,01JGCGXGGS9W8XGDQB0AXNN7HN,2025-02-02 03:15:07.778,2025-02-02 03:15:07.778,34339,0,0,-34339
,01JK2AF9F9NDZH8GKXKFWT33C9,01JGCGXGGS9W8XGDQB0AXNN7HN,2025-02-02 03:15:08.907,2025-02-02 03:15:08.907,34339,0,0,-34339
,01JK4WVVC393XDHT1S7YKTEAAT,01JGCGXGGS9W8XGDQB0AXNN7HN,2025-02-03 03:15:03.688,2025-02-03 03:15:03.688,116731,0,0,-116731
,01JK4WVWJCND1CGCDRMWP9308D,01JGCGXGGS9W8XGDQB0AXNN7HN,2025-02-03 03:15:04.909,2025-02-03 03:15:04.909,116731,0,0,-116731
,01JK4WVXQ92DSYSEVXMB4RCWAM,01JGCGXGGS9W8XGDQB0AXNN7HN,2025-02-03 03:15:06.09,2025-02-03 03:15:06.09,116731,0,0,-116731
,01JK4WVYWZECF17SJN5JTD49WT,01JGCGXGGS9W8XGDQB0AXNN7HN,2025-02-03 03:15:07.296,2025-02-03 03:15:07.296,116731,0,0,-116731
,01JK4WW02ADFMZ0V0388V84Q64,01JGCGXGGS9W8XGDQB0AXNN7HN,2025-02-03 03:15:08.492,2025-02-03 03:15:08.492,116731,0,0,-116731
,01JK7F9AEN7P16MG823YQ778V8,01JGCGXGGS9W8XGDQB0AXNN7HN,2025-02-04 03:15:28.344,2025-02-04 03:15:28.344,116731,0,0,-116731
,01JK7F9BME6TAS6VH1XAKYK665,01JGCGXGGS9W8XGDQB0AXNN7HN,2025-02-04 03:15:29.551,2025-02-04 03:15:29.551,116731,0,0,-116731
,01JK7F9CT23XHVYFTD41RAEQZR,01JGCGXGGS9W8XGDQB0AXNN7HN,2025-02-04 03:15:30.755,2025-02-04 03:15:30.755,116731,0,0,-116731
,01JK7F9DWVY1KRVXXARHMMJ7KK,01JGCGXGGS9W8XGDQB0AXNN7HN,2025-02-04 03:15:31.868,2025-02-04 03:15:31.868,116731,0,0,-116731
,01JK7F9F7BAVV8DE1QQ9WVWD55,01JGCGXGGS9W8XGDQB0AXNN7HN,2025-02-04 03:15:33.229,2025-02-04 03:15:33.229,116731,0,0,-116731
,01JK7F9GP5TQVYSSN3TSCPZTB7,01JGCGXGGS9W8XGDQB0AXNN7HN,2025-02-04 03:15:34.726,2025-02-04 03:15:34.726,116731,0,0,-116731
,01JK7F9J28EVSCP5FBATEE0607,01JGCGXGGS9W8XGDQB0AXNN7HN,2025-02-04 03:15:36.137,2025-02-04 03:15:36.137,116731,0,0,-116731
,01JK7F9K63AJ5VFDRGST4CJ2ET,01JGCGXGGS9W8XGDQB0AXNN7HN,2025-02-04 03:15:37.284,2025-02-04 03:15:37.284,116731,0,0,-116731
,01JK7F9M953M97C9JP677N5Z12,01JGCGXGGS9W8XGDQB0AXNN7HN,2025-02-04 03:15:38.406,2025-02-04 03:15:38.406,116731,0,0,-116731
,01JK7F9NDWWEJEPB0CFCTX2BFA,01JGCGXGGS9W8XGDQB0AXNN7HN,2025-02-04 03:15:39.581,2025-02-04 03:15:39.581,116731,0,0,-116731
,01JKA1NVP8J3M4HPDWAR8R7CZ3,01JGCGXGGS9W8XGDQB0AXNN7HN,2025-02-05 03:15:22.442,2025-02-05 03:15:22.442,116731,0,0,-116731
,01JKA1NWYSWXBDCQA7Y4YRNRQ1,01JGCGXGGS9W8XGDQB0AXNN7HN,2025-02-05 03:15:23.738,2025-02-05 03:15:23.738,116731,0,0,-116731
,01JKA1NY8N4DHG4J933938JP8R,01JGCGXGGS9W8XGDQB0AXNN7HN,2025-02-05 03:15:25.078,2025-02-05 03:15:25.078,116731,0,0,-116731
,01JKA1NZEZ026RS4YP33ZTQ820,01JGCGXGGS9W8XGDQB0AXNN7HN,2025-02-05 03:15:26.304,2025-02-05 03:15:26.304,116731,0,0,-116731
,01JKA1P0X1D6B205G9D5C4FZ2H,01JGCGXGGS9W8XGDQB0AXNN7HN,2025-02-05 03:15:27.778,2025-02-05 03:15:27.778,116731,0,0,-116731
,01JKA1P29NW50EWSRSWM1GEYZZ,01JGCGXGGS9W8XGDQB0AXNN7HN,2025-02-05 03:15:29.206,2025-02-05 03:15:29.206,116731,0,0,-116731
,01JKA1P3G0D29A3B99DFRH9PX0,01JGCGXGGS9W8XGDQB0AXNN7HN,2025-02-05 03:15:30.433,2025-02-05 03:15:30.433,116731,0,0,-116731
,01JKA1P4PGV6903WZFAVHY977J,01JGCGXGGS9W8XGDQB0AXNN7HN,2025-02-05 03:15:31.665,2025-02-05 03:15:31.665,116731,0,0,-116731
,01JKA1P5XP80WNYRGVSD4FCHGY,01JGCGXGGS9W8XGDQB0AXNN7HN,2025-02-05 03:15:32.919,2025-02-05 03:15:32.919,116731,0,0,-116731
,01JKA1P7430G3TMYEVE4QJB1D1,01JGCGXGGS9W8XGDQB0AXNN7HN,2025-02-05 03:15:34.148,2025-02-05 03:15:34.148,116731,0,0,-116731
,01JKA1P8ADZZ2GRHJ8GMTZH906,01JGCGXGGS9W8XGDQB0AXNN7HN,2025-02-05 03:15:35.374,2025-02-05 03:15:35.374,116731,0,0,-116731
,01JKA1P9KX5KM4GCFN74D0MGEW,01JGCGXGGS9W8XGDQB0AXNN7HN,2025-02-05 03:15:36.702,2025-02-05 03:15:36.702,116731,0,0,-116731
,01JKCM2MJ2RKD0JPJK8DTC9STB,01JGCGXGGS9W8XGDQB0AXNN7HN,2025-02-06 03:15:24.356,2025-02-06 03:15:24.356,116731,0,0,-116731
,01JKCM2NPSNJS0XN4AVVM8QFQ0,01JGCGXGGS9W8XGDQB0AXNN7HN,2025-02-06 03:15:25.53,2025-02-06 03:15:25.53,116731,0,0,-116731
,01JKCM2PWD9V2RV7WHRXXS87CC,01JGCGXGGS9W8XGDQB0AXNN7HN,2025-02-06 03:15:26.734,2025-02-06 03:15:26.734,116731,0,0,-116731
,01JKCM2QZQMJFQWDNY6Y5HB5QB,01JGCGXGGS9W8XGDQB0AXNN7HN,2025-02-06 03:15:27.864,2025-02-06 03:15:27.864,116731,0,0,-116731
,01JKCM2S3RD6B8QX1DZQA04TTF,01JGCGXGGS9W8XGDQB0AXNN7HN,2025-02-06 03:15:29.017,2025-02-06 03:15:29.017,116731,0,0,-116731
,01JKCM2TDCSNPVWXG06830KKVA,01JGCGXGGS9W8XGDQB0AXNN7HN,2025-02-06 03:15:30.349,2025-02-06 03:15:30.349,116731,0,0,-116731
,01JKCM2VMTPDPTXTCJ70A7RBEB,01JGCGXGGS9W8XGDQB0AXNN7HN,2025-02-06 03:15:31.611,2025-02-06 03:15:31.611,116731,0,0,-116731
,01JKCM2WXS7AN38BHJCJ380DYP,01JGCGXGGS9W8XGDQB0AXNN7HN,2025-02-06 03:15:32.922,2025-02-06 03:15:32.922,116731,0,0,-116731
,01JKCM2Y2YVQ7TEX43STJB1CFN,01JGCGXGGS9W8XGDQB0AXNN7HN,2025-02-06 03:15:34.111,2025-02-06 03:15:34.111,116731,0,0,-116731
,01JKCM2Z6AYBEZ3C549RYX3QFH,01JGCGXGGS9W8XGDQB0AXNN7HN,2025-02-06 03:15:35.244,2025-02-06 03:15:35.244,116731,0,0,-116731
,01JKCM30ADJN5MJHCRYGBY1CFZ,01JGCGXGGS9W8XGDQB0AXNN7HN,2025-02-06 03:15:36.398,2025-02-06 03:15:36.398,116731,0,0,-116731
,01JKCM31DJ8AP8WCWPWZ7MTV9Q,01JGCGXGGS9W8XGDQB0AXNN7HN,2025-02-06 03:15:37.523,2025-02-06 03:15:37.523,116731,0,0,-116731
,01JKF6F9AYAZNECVQR3X3TSNHR,01JGCGXGGS9W8XGDQB0AXNN7HN,2025-02-07 03:15:22.08,2025-02-07 03:15:22.08,116731,0,0,-116731
,01JKF6FAERY7470THTCGXEFKKD,01JGCGXGGS9W8XGDQB0AXNN7HN,2025-02-07 03:15:23.225,2025-02-07 03:15:23.225,116731,0,0,-116731
,01JKF6FBN7MBG56RD1S9ZK9RYH,01JGCGXGGS9W8XGDQB0AXNN7HN,2025-02-07 03:15:24.456,2025-02-07 03:15:24.456,116731,0,0,-116731
,01JKF6FCS0DT4AC427R81JF75G,01JGCGXGGS9W8XGDQB0AXNN7HN,2025-02-07 03:15:25.601,2025-02-07 03:15:25.601,116731,0,0,-116731
,01JKF6FDW8H20WHX79M3RF19WY,01JGCGXGGS9W8XGDQB0AXNN7HN,2025-02-07 03:15:26.729,2025-02-07 03:15:26.729,116731,0,0,-116731
,01JKF6FFE0S5MP1YQYTP2Z00EH,01JGCGXGGS9W8XGDQB0AXNN7HN,2025-02-07 03:15:28.321,2025-02-07 03:15:28.321,116731,0,0,-116731
,01JKF6FGQ89V2NM4TN7N0Q3WTK,01JGCGXGGS9W8XGDQB0AXNN7HN,2025-02-07 03:15:29.641,2025-02-07 03:15:29.641,116731,0,0,-116731
,01JKF6FHTMNQTQ64GQHD4F6HFT,01JGCGXGGS9W8XGDQB0AXNN7HN,2025-02-07 03:15:30.774,2025-02-07 03:15:30.774,116731,0,0,-116731
,01JKF6FJY1HKQM0FYF040B0A69,01JGCGXGGS9W8XGDQB0AXNN7HN,2025-02-07 03:15:31.906,2025-02-07 03:15:31.906,116731,0,0,-116731
,01JKF6FM1E8VJ0NX4MAMX8DDBD,01JGCGXGGS9W8XGDQB0AXNN7HN,2025-02-07 03:15:33.039,2025-02-07 03:15:33.039,116731,0,0,-116731
,01JKF6FN5RH065CDE1FNPGXW0T,01JGCGXGGS9W8XGDQB0AXNN7HN,2025-02-07 03:15:34.201,2025-02-07 03:15:34.201,116731,0,0,-116731
,01JKF6FPA4XAVEFK5KDQKDMW2V,01JGCGXGGS9W8XGDQB0AXNN7HN,2025-02-07 03:15:35.365,2025-02-07 03:15:35.365,116731,0,0,-116731
,01JKHRW1YPMQPZPXD23Y15VEHQ,01JGCGXGGS9W8XGDQB0AXNN7HN,2025-02-08 03:15:23.735,2025-02-08 03:15:23.735,116731,0,0,-116731
,01JKHRW33GV7FK76RVA625K2T5,01JGCGXGGS9W8XGDQB0AXNN7HN,2025-02-08 03:15:24.913,2025-02-08 03:15:24.913,116731,0,0,-116731
,01JKHRW4ASMF38Z8KPGVPV8YHB,01JGCGXGGS9W8XGDQB0AXNN7HN,2025-02-08 03:15:26.17,2025-02-08 03:15:26.17,116731,0,0,-116731
,01JKHRW5FQQRKTA9NH1CC0S3GN,01JGCGXGGS9W8XGDQB0AXNN7HN,2025-02-08 03:15:27.352,2025-02-08 03:15:27.352,116731,0,0,-116731
,01JKHRW6S5ARFW5V45JWA0YGKH,01JGCGXGGS9W8XGDQB0AXNN7HN,2025-02-08 03:15:28.679,2025-02-08 03:15:28.679,116731,0,0,-116731
,01JKHRW84VZYDQVKBEYK5KDPT3,01JGCGXGGS9W8XGDQB0AXNN7HN,2025-02-08 03:15:30.076,2025-02-08 03:15:30.076,116731,0,0,-116731
,01JKHRW99VQXV8WQHZ4B1ZNQKD,01JGCGXGGS9W8XGDQB0AXNN7HN,2025-02-08 03:15:31.26,2025-02-08 03:15:31.26,116731,0,0,-116731
,01JKHRWAEMJ98EV26DEAJB390Y,01JGCGXGGS9W8XGDQB0AXNN7HN,2025-02-08 03:15:32.437,2025-02-08 03:15:32.437,116731,0,0,-116731
,01JKHRWBJ7CH6P21T54MAS4NFJ,01JGCGXGGS9W8XGDQB0AXNN7HN,2025-02-08 03:15:33.576,2025-02-08 03:15:33.576,116731,0,0,-116731
,01JKHRWCQ223F9YK5YYTEEHRA5,01JGCGXGGS9W8XGDQB0AXNN7HN,2025-02-08 03:15:34.755,2025-02-08 03:15:34.755,116731,0,0,-116731
,01JKHRWDV5M0X0H6YTSY1Q1H2E,01JGCGXGGS9W8XGDQB0AXNN7HN,2025-02-08 03:15:35.91,2025-02-08 03:15:35.91,116731,0,0,-116731
,01JKHRWEYC7Z1K65HM20HYH5P6,01JGCGXGGS9W8XGDQB0AXNN7HN,2025-02-08 03:15:37.037,2025-02-08 03:15:37.037,116731,0,0,-116731
,01JKHRWG3RR8M8NKMCEXPFMFMP,01JGCGXGGS9W8XGDQB0AXNN7HN,2025-02-08 03:15:38.233,2025-02-08 03:15:38.233,116731,0,0,-116731
,01JKHRWHCQRA9935GJA62897AY,01JGCGXGGS9W8XGDQB0AXNN7HN,2025-02-08 03:15:39.546,2025-02-08 03:15:39.546,116731,0,0,-116731
,01JKMB85MWZYME2BS9NR5HHX81,01JGCGXGGS9W8XGDQB0AXNN7HN,2025-02-09 03:15:03.97,2025-02-09 03:15:03.97,116731,0,0,-116731
,01JKMB86XFV2MC8076FHEVEK92,01JGCGXGGS9W8XGDQB0AXNN7HN,2025-02-09 03:15:05.264,2025-02-09 03:15:05.264,116731,0,0,-116731
,01JKMB881FXVSJC0FSJMGNAAE5,01JGCGXGGS9W8XGDQB0AXNN7HN,2025-02-09 03:15:06.417,2025-02-09 03:15:06.417,116731,0,0,-116731
,01JKMB895FP6R4MSTP5DNXM5CW,01JGCGXGGS9W8XGDQB0AXNN7HN,2025-02-09 03:15:07.568,2025-02-09 03:15:07.568,116731,0,0,-116731
,01JKMB8AA0SZZ4JRHKDKM9Z8XS,01JGCGXGGS9W8XGDQB0AXNN7HN,2025-02-09 03:15:08.737,2025-02-09 03:15:08.737,116731,0,0,-116731
,01JKMB8BE8A2T5RQXGDS0Q22HG,01JGCGXGGS9W8XGDQB0AXNN7HN,2025-02-09 03:15:09.897,2025-02-09 03:15:09.897,116731,0,0,-116731
,01JKMB8CMN48GW3KPAJ0C2EF39,01JGCGXGGS9W8XGDQB0AXNN7HN,2025-02-09 03:15:11.127,2025-02-09 03:15:11.127,116731,0,0,-116731
,01JKPXNCNMS395JMRY6QY2SKCJ,01JGCGXGGS9W8XGDQB0AXNN7HN,2025-02-10 03:15:20.374,2025-02-10 03:15:20.374,116731,0,0,-116731
,01JKPXNDV4JAJB7E8SKJSFA6X0,01JGCGXGGS9W8XGDQB0AXNN7HN,2025-02-10 03:15:21.573,2025-02-10 03:15:21.573,116731,0,0,-116731
,01JKPXNEYP619JFCW6VC7EPKT2,01JGCGXGGS9W8XGDQB0AXNN7HN,2025-02-10 03:15:22.711,2025-02-10 03:15:22.711,116731,0,0,-116731
,01JKPXNG36FY5XAJ8VBTJAJDAF,01JGCGXGGS9W8XGDQB0AXNN7HN,2025-02-10 03:15:23.88,2025-02-10 03:15:23.88,116731,0,0,-116731
,01JKPXNH678MR1K7VD0KGJHH9C,01JGCGXGGS9W8XGDQB0AXNN7HN,2025-02-10 03:15:25,2025-02-10 03:15:25,116731,0,0,-116731
,01JKPXNJH54Z9VRYK6YZVGE77K,01JGCGXGGS9W8XGDQB0AXNN7HN,2025-02-10 03:15:26.375,2025-02-10 03:15:26.375,116731,0,0,-116731
,01JKPXNM5DM1VAYRB8TCEAY33X,01JGCGXGGS9W8XGDQB0AXNN7HN,2025-02-10 03:15:28.047,2025-02-10 03:15:28.047,116731,0,0,-116731
,01JKPXNN96VMD5RMCW217P2E12,01JGCGXGGS9W8XGDQB0AXNN7HN,2025-02-10 03:15:29.191,2025-02-10 03:15:29.191,116731,0,0,-116731
,01JKPXNPFHT6FBW1581V2ZABJX,01JGCGXGGS9W8XGDQB0AXNN7HN,2025-02-10 03:15:30.418,2025-02-10 03:15:30.418,116731,0,0,-116731
,01JKPXNQKBVJXHJBR4JPT4N87M,01JGCGXGGS9W8XGDQB0AXNN7HN,2025-02-10 03:15:31.564,2025-02-10 03:15:31.564,116731,0,0,-116731
,01JKPXNRNT9S8F6DA21RRKJWCY,01JGCGXGGS9W8XGDQB0AXNN7HN,2025-02-10 03:15:32.667,2025-02-10 03:15:32.667,116731,0,0,-116731
,01JKPXNSSX7V7Z5M98NM0KP04H,01JGCGXGGS9W8XGDQB0AXNN7HN,2025-02-10 03:15:33.822,2025-02-10 03:15:33.822,116731,0,0,-116731
,01JKPXNTX887SF83ZEXVGKB1Q5,01JGCGXGGS9W8XGDQB0AXNN7HN,2025-02-10 03:15:34.953,2025-02-10 03:15:34.953,116731,0,0,-116731
,01JKPXNW0YV6YYDXE9SWCQGFTT,01JGCGXGGS9W8XGDQB0AXNN7HN,2025-02-10 03:15:36.095,2025-02-10 03:15:36.095,116731,0,0,-116731
,01JM39GKPVM2NV539NRPW5TV58,01JGCGXGGS9W8XGDQB0AXNN7HN,2025-02-14 22:33:19.842,2025-02-14 22:33:19.842,116731,0,0,-116731
,01JM39GMYK28KBA1RHWQG2W0R7,01JGCGXGGS9W8XGDQB0AXNN7HN,2025-02-14 22:33:21.108,2025-02-14 22:33:21.108,116731,0,0,-116731
,01JM39GP2P0K63JVGJ5PXPEBRF,01JGCGXGGS9W8XGDQB0AXNN7HN,2025-02-14 22:33:22.263,2025-02-14 22:33:22.263,116731,0,0,-116731
,01JM39GQ871BSF248TR2V0A72F,01JGCGXGGS9W8XGDQB0AXNN7HN,2025-02-14 22:33:23.464,2025-02-14 22:33:23.464,116731,0,0,-116731
,01JM39GRCDQWJ2PFX23XWGVE5P,01JGCGXGGS9W8XGDQB0AXNN7HN,2025-02-14 22:33:24.622,2025-02-14 22:33:24.622,116731,0,0,-116731
,01JM39GSH9G96001RXJK15PZ22,01JGCGXGGS9W8XGDQB0AXNN7HN,2025-02-14 22:33:25.802,2025-02-14 22:33:25.802,116731,0,0,-116731
,01JM39GV0Q49NBGS58XCTSFVER,01JGCGXGGS9W8XGDQB0AXNN7HN,2025-02-14 22:33:27.32,2025-02-14 22:33:27.32,116731,0,0,-116731
,01JM39GW94BR22PEXB5JCA9E5H,01JGCGXGGS9W8XGDQB0AXNN7HN,2025-02-14 22:33:28.613,2025-02-14 22:33:28.613,116731,0,0,-116731
,01JM39GXDJYRC6JQJ69GV61WF3,01JGCGXGGS9W8XGDQB0AXNN7HN,2025-02-14 22:33:29.779,2025-02-14 22:33:29.779,116731,0,0,-116731
,01JM39GYHYAJ1BRCNYK9SQHMZ3,01JGCGXGGS9W8XGDQB0AXNN7HN,2025-02-14 22:33:30.943,2025-02-14 22:33:30.943,116731,0,0,-116731
,01JM39GZNH1ESVVHNF54QMQMCM,01JGCGXGGS9W8XGDQB0AXNN7HN,2025-02-14 22:33:32.082,2025-02-14 22:33:32.082,116731,0,0,-116731
,01JM39H0R5BR4XY02VKJ70AMZB,01JGCGXGGS9W8XGDQB0AXNN7HN,2025-02-14 22:33:33.19,2025-02-14 22:33:33.19,116731,0,0,-116731
,01JM39H1VH9A3DNTQ142Y0V1PC,01JGCGXGGS9W8XGDQB0AXNN7HN,2025-02-14 22:33:34.322,2025-02-14 22:33:34.322,116731,0,0,-116731
,01JM39H2Z3YM5BJVNTD3CHEHJ5,01JGCGXGGS9W8XGDQB0AXNN7HN,2025-02-14 22:33:35.461,2025-02-14 22:33:35.461,116731,0,0,-116731
,01JM39H429G7WA9571AWQSB5GY,01JGCGXGGS9W8XGDQB0AXNN7HN,2025-02-14 22:33:36.586,2025-02-14 22:33:36.586,116731,0,0,-116731
,01JM39H57FXP0KT8C5VR4TJH2V,01JGCGXGGS9W8XGDQB0AXNN7HN,2025-02-14 22:33:37.777,2025-02-14 22:33:37.777,116731,0,0,-116731
,01JM39H6CB3J3SNC5CMYJ716ED,01JGCGXGGS9W8XGDQB0AXNN7HN,2025-02-14 22:33:38.956,2025-02-14 22:33:38.956,116731,0,0,-116731
,01JM39H7F3Q0QQKMYR5SBFN27J,01JGCGXGGS9W8XGDQB0AXNN7HN,2025-02-14 22:33:40.068,2025-02-14 22:33:40.068,116731,0,0,-116731
,01JM39H8JGHVW9SHCM2D9QPH3S,01JGCGXGGS9W8XGDQB0AXNN7HN,2025-02-14 22:33:41.201,2025-02-14 22:33:41.201,116731,0,0,-116731
,01JM39H9NP0401A6VXZKV4Y9Q9,01JGCGXGGS9W8XGDQB0AXNN7HN,2025-02-14 22:33:42.338,2025-02-14 22:33:42.338,116731,0,0,-116731
,01JM39HATMEE4ZW085KB4NG94E,01JGCGXGGS9W8XGDQB0AXNN7HN,2025-02-14 22:33:43.509,2025-02-14 22:33:43.509,116731,0,0,-116731
,01JM39HBX9B4KPS9NJH9N1C3MB,01JGCGXGGS9W8XGDQB0AXNN7HN,2025-02-14 22:33:44.618,2025-02-14 22:33:44.618,116731,0,0,-116731
,01JM39HD1CV4F1JDHA3XZT8NC5,01JGCGXGGS9W8XGDQB0AXNN7HN,2025-02-14 22:33:45.773,2025-02-14 22:33:45.773,116731,0,0,-116731
,01JM39HECB8ETVE5ZAKYZX3V39,01JGCGXGGS9W8XGDQB0AXNN7HN,2025-02-14 22:33:47.148,2025-02-14 22:33:47.148,116731,0,0,-116731
,01JM39HFJ175ATV1Y627E6MG1D,01JGCGXGGS9W8XGDQB0AXNN7HN,2025-02-14 22:33:48.354,2025-02-14 22:33:48.354,116731,0,0,-116731
,01JM39HGNCS0KFMRT974QQP80C,01JGCGXGGS9W8XGDQB0AXNN7HN,2025-02-14 22:33:49.485,2025-02-14 22:33:49.485,116731,0,0,-116731
,01JM39HHR6EX82PRE5H64HYCTC,01JGCGXGGS9W8XGDQB0AXNN7HN,2025-02-14 22:33:50.599,2025-02-14 22:33:50.599,116731,0,0,-116731
,01JM39HJV424W8KVBJY0DVZG5B,01JGCGXGGS9W8XGDQB0AXNN7HN,2025-02-14 22:33:51.717,2025-02-14 22:33:51.717,116731,0,0,-116731
,01JM39HKZF8QYQ51WRKV33P744,01JGCGXGGS9W8XGDQB0AXNN7HN,2025-02-14 22:33:52.88,2025-02-14 22:33:52.88,116731,0,0,-116731
,01JM39HN4WN63P87V6S6FK4ZCE,01JGCGXGGS9W8XGDQB0AXNN7HN,2025-02-14 22:33:54.077,2025-02-14 22:33:54.077,116731,0,0,-116731
,01JM39HPA0MR3CQ29AQWME7BKF,01JGCGXGGS9W8XGDQB0AXNN7HN,2025-02-14 22:33:55.266,2025-02-14 22:33:55.266,116731,0,0,-116731
,01JM39HQE2N8P9AQRYX9XNBXEX,01JGCGXGGS9W8XGDQB0AXNN7HN,2025-02-14 22:33:56.425,2025-02-14 22:33:56.425,116731,0,0,-116731
,01JM39HRGQPRHB2XP525KPPMMX,01JGCGXGGS9W8XGDQB0AXNN7HN,2025-02-14 22:33:57.528,2025-02-14 22:33:57.528,116731,0,0,-116731
,01JM39HSMRGJ0PFA5YENDAGGB4,01JGCGXGGS9W8XGDQB0AXNN7HN,2025-02-14 22:33:58.681,2025-02-14 22:33:58.681,116731,0,0,-116731
,01JM39KZ1RXK1J9P4S58X7J63Q,01JGCGXGGS9W8XGDQB0AXNN7HN,2025-02-14 22:35:09.753,2025-02-14 22:35:09.753,116731,0,0,-116731
,01JM3SMQXYTMACC2CT5DM8KR9R,01JGCGXGGS9W8XGDQB0AXNN7HN,2025-02-15 03:15:12.447,2025-02-15 03:15:12.447,116731,0,0,-116731
,01JM3SMS4AG7V55H8PNVBR5DWQ,01JGCGXGGS9W8XGDQB0AXNN7HN,2025-02-15 03:15:13.676,2025-02-15 03:15:13.676,116731,0,0,-116731
,01JM3SMT83TR94GV64TDSHF8RA,01JGCGXGGS9W8XGDQB0AXNN7HN,2025-02-15 03:15:14.82,2025-02-15 03:15:14.82,116731,0,0,-116731
,01JM3SMVFC322AHTQEND5WRHS3,01JGCGXGGS9W8XGDQB0AXNN7HN,2025-02-15 03:15:16.077,2025-02-15 03:15:16.077,116731,0,0,-116731
,01JM3SMWKQFBT9K67HM2WGTJJJ,01JGCGXGGS9W8XGDQB0AXNN7HN,2025-02-15 03:15:17.24,2025-02-15 03:15:17.24,116731,0,0,-116731
,01JM3SMXQZ23SFW3G0S0R90FBY,01JGCGXGGS9W8XGDQB0AXNN7HN,2025-02-15 03:15:18.4,2025-02-15 03:15:18.4,116731,0,0,-116731
,01JM3SMZ02E3VTAVFY1WJ1FF6B,01JGCGXGGS9W8XGDQB0AXNN7HN,2025-02-15 03:15:19.684,2025-02-15 03:15:19.684,116731,0,0,-116731
,01JM3SN02VYJ6SZ7799Q1E53EA,01JGCGXGGS9W8XGDQB0AXNN7HN,2025-02-15 03:15:20.796,2025-02-15 03:15:20.796,116731,0,0,-116731
,01JM3SN19D9R72WYS62K7MHXWY,01JGCGXGGS9W8XGDQB0AXNN7HN,2025-02-15 03:15:22.03,2025-02-15 03:15:22.03,116731,0,0,-116731
,01JM3SN2W4DZJ146YQHJHE75WH,01JGCGXGGS9W8XGDQB0AXNN7HN,2025-02-15 03:15:23.654,2025-02-15 03:15:23.654,116731,0,0,-116731
,01JM3SN3ZVC9ETWE9G6KQX33DS,01JGCGXGGS9W8XGDQB0AXNN7HN,2025-02-15 03:15:24.797,2025-02-15 03:15:24.797,116731,0,0,-116731
,01JM3SN57SFN4G0ARCHGC8TFJP,01JGCGXGGS9W8XGDQB0AXNN7HN,2025-02-15 03:15:26.074,2025-02-15 03:15:26.074,116731,0,0,-116731
,01JM3SN6F8GT2PMKYZ78TFF9PQ,01JGCGXGGS9W8XGDQB0AXNN7HN,2025-02-15 03:15:27.337,2025-02-15 03:15:27.337,116731,0,0,-116731
,01JM3SN7MTCC13BR2W1NS2XCM2,01JGCGXGGS9W8XGDQB0AXNN7HN,2025-02-15 03:15:28.539,2025-02-15 03:15:28.539,116731,0,0,-116731
,01JM6C1F9TJHR0ZE1PB0TEFY55,01JGCGXGGS9W8XGDQB0AXNN7HN,2025-02-16 03:15:12.828,2025-02-16 03:15:12.828,116731,0,0,-116731
,01JM6C1GSPAVJ08MZQH6PXQEBC,01JGCGXGGS9W8XGDQB0AXNN7HN,2025-02-16 03:15:14.359,2025-02-16 03:15:14.359,116731,0,0,-116731
,01JM6C1HWEWKPDQC2YHQ231JQD,01JGCGXGGS9W8XGDQB0AXNN7HN,2025-02-16 03:15:15.471,2025-02-16 03:15:15.471,116731,0,0,-116731
,01JM6C1K1BCQ1MCM441D3GK92X,01JGCGXGGS9W8XGDQB0AXNN7HN,2025-02-16 03:15:16.652,2025-02-16 03:15:16.652,116731,0,0,-116731
,01JM6C1M50YV5VPB4QNHBT5P9W,01JGCGXGGS9W8XGDQB0AXNN7HN,2025-02-16 03:15:17.793,2025-02-16 03:15:17.793,116731,0,0,-116731
,01JM6C1N8D2XXHHFJA2N9ASWB6,01JGCGXGGS9W8XGDQB0AXNN7HN,2025-02-16 03:15:18.926,2025-02-16 03:15:18.926,116731,0,0,-116731
,01JM6C1PFHR8BKJ8HRPVAGCP4E,01JGCGXGGS9W8XGDQB0AXNN7HN,2025-02-16 03:15:20.178,2025-02-16 03:15:20.178,116731,0,0,-116731
,01JM6C1QMJMBCB86Z323MCX56H,01JGCGXGGS9W8XGDQB0AXNN7HN,2025-02-16 03:15:21.363,2025-02-16 03:15:21.363,116731,0,0,-116731
,01JM6C1RQRGH8XG86BKXVGW63C,01JGCGXGGS9W8XGDQB0AXNN7HN,2025-02-16 03:15:22.489,2025-02-16 03:15:22.489,116731,0,0,-116731
,01JM6C1SXDNVNP95B0N1G2QRJ5,01JGCGXGGS9W8XGDQB0AXNN7HN,2025-02-16 03:15:23.694,2025-02-16 03:15:23.694,116731,0,0,-116731
,01JM6C1V2YPFKH7R93NYFHYTYV,01JGCGXGGS9W8XGDQB0AXNN7HN,2025-02-16 03:15:24.898,2025-02-16 03:15:24.898,116731,0,0,-116731
,01JM6C1W7WX12AHAH3QD47CN45,01JGCGXGGS9W8XGDQB0AXNN7HN,2025-02-16 03:15:26.077,2025-02-16 03:15:26.077,116731,0,0,-116731
,01JM6C1XC05CEC3D6GCPPCHFJM,01JGCGXGGS9W8XGDQB0AXNN7HN,2025-02-16 03:15:27.233,2025-02-16 03:15:27.233,116731,0,0,-116731
,01JM6C1YFBHV7V0VG39VYEWHYC,01JGCGXGGS9W8XGDQB0AXNN7HN,2025-02-16 03:15:28.364,2025-02-16 03:15:28.364,116731,0,0,-116731
,01JM8YDXTV92X9VBSS5R8Z487F,01JGCGXGGS9W8XGDQB0AXNN7HN,2025-02-17 03:15:04.156,2025-02-17 03:15:04.156,116731,0,0,-116731
,01JM8YDYZ5E6B7RXQ70DPVYF6C,01JGCGXGGS9W8XGDQB0AXNN7HN,2025-02-17 03:15:05.318,2025-02-17 03:15:05.318,116731,0,0,-116731
,01JM8YE05NNP4YYNF81QQKGBRG,01JGCGXGGS9W8XGDQB0AXNN7HN,2025-02-17 03:15:06.55,2025-02-17 03:15:06.55,116731,0,0,-116731
,01JM8YE1A1EWBRGV99B6AYG8YY,01JGCGXGGS9W8XGDQB0AXNN7HN,2025-02-17 03:15:07.715,2025-02-17 03:15:07.715,116731,0,0,-116731
,01JM8YE2FF4ZGHY920JNKYKGAQ,01JGCGXGGS9W8XGDQB0AXNN7HN,2025-02-17 03:15:08.913,2025-02-17 03:15:08.913,116731,0,0,-116731
,01JM8YE3PSGQZP9MFEGFD6NCYE,01JGCGXGGS9W8XGDQB0AXNN7HN,2025-02-17 03:15:10.17,2025-02-17 03:15:10.17,116731,0,0,-116731
,01JM8YE4TGCY4HGX0JNZE2D4MM,01JGCGXGGS9W8XGDQB0AXNN7HN,2025-02-17 03:15:11.313,2025-02-17 03:15:11.313,116731,0,0,-116731
,01JM8YE609R08ADAK0WSCM6ZX4,01JGCGXGGS9W8XGDQB0AXNN7HN,2025-02-17 03:15:12.525,2025-02-17 03:15:12.525,116731,0,0,-116731
,01JM8YE76CGA5NE321JEV6HM9Z,01JGCGXGGS9W8XGDQB0AXNN7HN,2025-02-17 03:15:13.742,2025-02-17 03:15:13.742,116731,0,0,-116731
,01JM8YE8B6026ACD3RMZJXKETZ,01JGCGXGGS9W8XGDQB0AXNN7HN,2025-02-17 03:15:14.92,2025-02-17 03:15:14.92,116731,0,0,-116731
,01JM8YE9FJEVFYQB7RP6VTXAQJ,01JGCGXGGS9W8XGDQB0AXNN7HN,2025-02-17 03:15:16.083,2025-02-17 03:15:16.083,116731,0,0,-116731
,01JM8YEAKKJYXDWSFYVAK95YP6,01JGCGXGGS9W8XGDQB0AXNN7HN,2025-02-17 03:15:17.236,2025-02-17 03:15:17.236,116731,0,0,-116731
,01JM8YEBTJ4H00A1EGXW8SYMWM,01JGCGXGGS9W8XGDQB0AXNN7HN,2025-02-17 03:15:18.483,2025-02-17 03:15:18.483,116731,0,0,-116731
,01JM8YED0SFBHVJA6DCJBEZJAY,01JGCGXGGS9W8XGDQB0AXNN7HN,2025-02-17 03:15:19.706,2025-02-17 03:15:19.706,116731,0,0,-116731
,01JMCB7Q608J4C1GVZWH0DCDYQ,01JGCGXGGS9W8XGDQB0AXNN7HN,2025-02-18 10:56:35.522,2025-02-18 10:56:35.522,116731,0,0,-116731
,01JMCB7R95QWNKZ9A02510B1P3,01JGCGXGGS9W8XGDQB0AXNN7HN,2025-02-18 10:56:36.65,2025-02-18 10:56:36.65,116731,0,0,-116731
,01JMCB7SN9F7VSQC2DTFXM5QPM,01JGCGXGGS9W8XGDQB0AXNN7HN,2025-02-18 10:56:38.058,2025-02-18 10:56:38.058,116731,0,0,-116731
,01JMCB7TS14EDQF8K2FGM54A2K,01JGCGXGGS9W8XGDQB0AXNN7HN,2025-02-18 10:56:39.203,2025-02-18 10:56:39.203,116731,0,0,-116731
,01JMCB7VVVZJEA0SR6YSGB054W,01JGCGXGGS9W8XGDQB0AXNN7HN,2025-02-18 10:56:40.316,2025-02-18 10:56:40.316,116731,0,0,-116731
,01JMCB7X3F1AZKS9GZXZTHAG4W,01JGCGXGGS9W8XGDQB0AXNN7HN,2025-02-18 10:56:41.584,2025-02-18 10:56:41.584,116731,0,0,-116731
,01JMCB7YH14TK8ASQVEEY9BTC4,01JGCGXGGS9W8XGDQB0AXNN7HN,2025-02-18 10:56:43.049,2025-02-18 10:56:43.049,116731,0,0,-116731
,01JMCB7ZZSMYB90XCDMKP34TGJ,01JGCGXGGS9W8XGDQB0AXNN7HN,2025-02-18 10:56:44.538,2025-02-18 10:56:44.538,116731,0,0,-116731
,01JMCB81386KS0T606QZXB4FCK,01JGCGXGGS9W8XGDQB0AXNN7HN,2025-02-18 10:56:45.673,2025-02-18 10:56:45.673,116731,0,0,-116731
,01JMCB8261VYT7JJEK9AJD9KVP,01JGCGXGGS9W8XGDQB0AXNN7HN,2025-02-18 10:56:46.786,2025-02-18 10:56:46.786,116731,0,0,-116731
,01JMCB838D5DHM7D3DA850XJKR,01JGCGXGGS9W8XGDQB0AXNN7HN,2025-02-18 10:56:47.886,2025-02-18 10:56:47.886,116731,0,0,-116731
,01JMCB84E3HJ1XS0QW8GMG8QWP,01JGCGXGGS9W8XGDQB0AXNN7HN,2025-02-18 10:56:49.093,2025-02-18 10:56:49.093,116731,0,0,-116731
,01JMCB85J50T72W1YGPT4S6N0J,01JGCGXGGS9W8XGDQB0AXNN7HN,2025-02-18 10:56:50.246,2025-02-18 10:56:50.246,116731,0,0,-116731
,01JMCBC0KAPE6C4PQ1RP7YMQKF,01JGCGXGGS9W8XGDQB0AXNN7HN,2025-02-18 10:58:56.235,2025-02-18 10:58:56.235,116731,0,0,-116731
,01JME37NZ8CJVYG1WNGC36N1C2,01JGCGXGGS9W8XGDQB0AXNN7HN,2025-02-19 03:15:14.538,2025-02-19 03:15:14.538,116731,0,0,-116731
,01JME37Q4S31DHTV509WHTY0D2,01JGCGXGGS9W8XGDQB0AXNN7HN,2025-02-19 03:15:15.738,2025-02-19 03:15:15.738,116731,0,0,-116731
,01JME37RAPPDG2WWQWSA427MFZ,01JGCGXGGS9W8XGDQB0AXNN7HN,2025-02-19 03:15:16.951,2025-02-19 03:15:16.951,116731,0,0,-116731
,01JME37SFRWGQSD2DE8QNESD1J,01JGCGXGGS9W8XGDQB0AXNN7HN,2025-02-19 03:15:18.138,2025-02-19 03:15:18.138,116731,0,0,-116731
,01JME37V4JXQYECHMAJPV4DRGZ,01JGCGXGGS9W8XGDQB0AXNN7HN,2025-02-19 03:15:19.827,2025-02-19 03:15:19.827,116731,0,0,-116731
,01JME37W8SHVGS70D9T8F90NFD,01JGCGXGGS9W8XGDQB0AXNN7HN,2025-02-19 03:15:20.986,2025-02-19 03:15:20.986,116731,0,0,-116731
,01JME37XDJR3C9M8VS8A3VYWQV,01JGCGXGGS9W8XGDQB0AXNN7HN,2025-02-19 03:15:22.163,2025-02-19 03:15:22.163,116731,0,0,-116731
,01JME37YJ1XZBDPDF2G5PBE5AY,01JGCGXGGS9W8XGDQB0AXNN7HN,2025-02-19 03:15:23.33,2025-02-19 03:15:23.33,116731,0,0,-116731
,01JME37ZQ4EVVDVQZXZCMVFYHH,01JGCGXGGS9W8XGDQB0AXNN7HN,2025-02-19 03:15:24.517,2025-02-19 03:15:24.517,116731,0,0,-116731
,01JME380V55F8Z5A1B8HXSJYR2,01JGCGXGGS9W8XGDQB0AXNN7HN,2025-02-19 03:15:25.67,2025-02-19 03:15:25.67,116731,0,0,-116731
,01JME381YRP5D9RZ6PEGZXW144,01JGCGXGGS9W8XGDQB0AXNN7HN,2025-02-19 03:15:26.809,2025-02-19 03:15:26.809,116731,0,0,-116731
,01JME3831E6SFSVY91A977EQKY,01JGCGXGGS9W8XGDQB0AXNN7HN,2025-02-19 03:15:27.919,2025-02-19 03:15:27.919,116731,0,0,-116731
,01JME3846FD92M9ZZS41N70296,01JGCGXGGS9W8XGDQB0AXNN7HN,2025-02-19 03:15:29.104,2025-02-19 03:15:29.104,116731,0,0,-116731
,01JME3858RFMEVQRQT728TWVYH,01JGCGXGGS9W8XGDQB0AXNN7HN,2025-02-19 03:15:30.202,2025-02-19 03:15:30.202,116731,0,0,-116731
,01JMGNMRV7441FF38HK6AXRPWG,01JGCGXGGS9W8XGDQB0AXNN7HN,2025-02-20 03:15:26.698,2025-02-20 03:15:26.698,116731,0,0,-116731
,01JMGNMT0BE9FC2R8R2BSK7KTM,01JGCGXGGS9W8XGDQB0AXNN7HN,2025-02-20 03:15:27.884,2025-02-20 03:15:27.884,116731,0,0,-116731
,01JMGNMV4AKS5G0ZQ6BGEXG2DS,01JGCGXGGS9W8XGDQB0AXNN7HN,2025-02-20 03:15:29.035,2025-02-20 03:15:29.035,116731,0,0,-116731
,01JMGNMW8DDJD2S4MSJNCMSKDQ,01JGCGXGGS9W8XGDQB0AXNN7HN,2025-02-20 03:15:30.191,2025-02-20 03:15:30.191,116731,0,0,-116731
,01JMGNMXT56W5FYVKXBNTB4R12,01JGCGXGGS9W8XGDQB0AXNN7HN,2025-02-20 03:15:31.783,2025-02-20 03:15:31.783,116731,0,0,-116731
,01JMGNMYY2VY1AE4CWS614QY5S,01JGCGXGGS9W8XGDQB0AXNN7HN,2025-02-20 03:15:32.931,2025-02-20 03:15:32.931,116731,0,0,-116731
,01JMGNN03JY24CS60DNHC8WZMJ,01JGCGXGGS9W8XGDQB0AXNN7HN,2025-02-20 03:15:34.131,2025-02-20 03:15:34.131,116731,0,0,-116731
,01JMGNN18XJJEYFZTFR2XXRW5J,01JGCGXGGS9W8XGDQB0AXNN7HN,2025-02-20 03:15:35.326,2025-02-20 03:15:35.326,116731,0,0,-116731
,01JMGNN2D780VVZAN7A2EC7PB3,01JGCGXGGS9W8XGDQB0AXNN7HN,2025-02-20 03:15:36.488,2025-02-20 03:15:36.488,116731,0,0,-116731
,01JMGNN3G9J1M1QZJRZWY3M6DJ,01JGCGXGGS9W8XGDQB0AXNN7HN,2025-02-20 03:15:37.61,2025-02-20 03:15:37.61,116731,0,0,-116731
,01JMGNN4MTGZF2Z40B91ATH7FW,01JGCGXGGS9W8XGDQB0AXNN7HN,2025-02-20 03:15:38.779,2025-02-20 03:15:38.779,116731,0,0,-116731
,01JMGNN5SBTA31YRJ0JYFSTMWA,01JGCGXGGS9W8XGDQB0AXNN7HN,2025-02-20 03:15:39.948,2025-02-20 03:15:39.948,116731,0,0,-116731
,01JMGNN73C38R0CFTKCNS4QF6M,01JGCGXGGS9W8XGDQB0AXNN7HN,2025-02-20 03:15:41.381,2025-02-20 03:15:41.381,116731,0,0,-116731
,01JMGNN8FTZE4N5CRD411GR3FS,01JGCGXGGS9W8XGDQB0AXNN7HN,2025-02-20 03:15:42.715,2025-02-20 03:15:42.715,116731,0,0,-116731
,01JMK81CE18373Y7EA4TK0HKR9,01JGCGXGGS9W8XGDQB0AXNN7HN,2025-02-21 03:15:23.203,2025-02-21 03:15:23.203,116731,0,0,-116731
,01JMK81DJTDR40B04QPD89XYPR,01JGCGXGGS9W8XGDQB0AXNN7HN,2025-02-21 03:15:24.379,2025-02-21 03:15:24.379,116731,0,0,-116731
,01JMK81EP9Z7K3TWB7KBZ8G3C7,01JGCGXGGS9W8XGDQB0AXNN7HN,2025-02-21 03:15:25.514,2025-02-21 03:15:25.514,116731,0,0,-116731
,01JMK81FWDPBRVRT45EXXRVERS,01JGCGXGGS9W8XGDQB0AXNN7HN,2025-02-21 03:15:26.734,2025-02-21 03:15:26.734,116731,0,0,-116731
,01JMK81H25K4HM0S9QA2FXPS0Z,01JGCGXGGS9W8XGDQB0AXNN7HN,2025-02-21 03:15:27.942,2025-02-21 03:15:27.942,116731,0,0,-116731
,01JMK81JEAP56J2NK4Q8QY4P3P,01JGCGXGGS9W8XGDQB0AXNN7HN,2025-02-21 03:15:29.356,2025-02-21 03:15:29.356,116731,0,0,-116731
,01JMK81KM1DJ4JNNFW699S5EWV,01JGCGXGGS9W8XGDQB0AXNN7HN,2025-02-21 03:15:30.562,2025-02-21 03:15:30.562,116731,0,0,-116731
,01JMK81MQMPNMA4GQA224PZW82,01JGCGXGGS9W8XGDQB0AXNN7HN,2025-02-21 03:15:31.701,2025-02-21 03:15:31.701,116731,0,0,-116731
,01JMK81NVV4052GBCYWKE7W4YS,01JGCGXGGS9W8XGDQB0AXNN7HN,2025-02-21 03:15:32.861,2025-02-21 03:15:32.861,116731,0,0,-116731
,01JMK81Q19CTZ670H9ANQ5KNXF,01JGCGXGGS9W8XGDQB0AXNN7HN,2025-02-21 03:15:34.059,2025-02-21 03:15:34.059,116731,0,0,-116731
,01JMK81R69ATT2VGZVWDGKH534,01JGCGXGGS9W8XGDQB0AXNN7HN,2025-02-21 03:15:35.242,2025-02-21 03:15:35.242,116731,0,0,-116731
,01JMK81S9TYV4WFAS1NNYJPY7S,01JGCGXGGS9W8XGDQB0AXNN7HN,2025-02-21 03:15:36.379,2025-02-21 03:15:36.379,116731,0,0,-116731
,01JMK81TK238WT1CGR637CW8JB,01JGCGXGGS9W8XGDQB0AXNN7HN,2025-02-21 03:15:37.699,2025-02-21 03:15:37.699,116731,0,0,-116731
,01JMK81VQV4P32PJDQY213920T,01JGCGXGGS9W8XGDQB0AXNN7HN,2025-02-21 03:15:38.876,2025-02-21 03:15:38.876,116731,0,0,-116731
,01JMZF0PT0PHTZHXTT8S724AJY,01JGCGXGGS9W8XGDQB0AXNN7HN,2025-02-25 21:08:14.274,2025-02-25 21:08:14.274,116731,0,0,-116731
,01JMZF0PT6PX8QHPKJKJV6V715,01JGCGXGGS9W8XGDQB0AXNN7HN,2025-02-25 21:08:14.28,2025-02-25 21:08:14.28,116731,0,0,-116731
,01JMZF0R052JYTG4B7XAZWNTJJ,01JGCGXGGS9W8XGDQB0AXNN7HN,2025-02-25 21:08:15.494,2025-02-25 21:08:15.494,116731,0,0,-116731
,01JMZF0R0MV7M3KACHNF18BYKP,01JGCGXGGS9W8XGDQB0AXNN7HN,2025-02-25 21:08:15.51,2025-02-25 21:08:15.51,116731,0,0,-116731
,01JMZF0S8E83XF6E3JKFNVTPMZ,01JGCGXGGS9W8XGDQB0AXNN7HN,2025-02-25 21:08:16.783,2025-02-25 21:08:16.783,116731,0,0,-116731
,01JMZF0S9FN1Q8H2MHYNDMBG3D,01JGCGXGGS9W8XGDQB0AXNN7HN,2025-02-25 21:08:16.817,2025-02-25 21:08:16.817,116731,0,0,-116731
,01JMZF0TD1ZZ94G27TKEPBRX6S,01JGCGXGGS9W8XGDQB0AXNN7HN,2025-02-25 21:08:17.956,2025-02-25 21:08:17.956,116731,0,0,-116731
,01JMZF0TFJ0JDC6E76S9M90KY4,01JGCGXGGS9W8XGDQB0AXNN7HN,2025-02-25 21:08:18.036,2025-02-25 21:08:18.036,116731,0,0,-116731
,01JMZF0VQGQXVKGRX2YB16KF8W,01JGCGXGGS9W8XGDQB0AXNN7HN,2025-02-25 21:08:19.314,2025-02-25 21:08:19.314,116731,0,0,-116731
,01JMZF0VSX9JTC9T39CSYHG9BH,01JGCGXGGS9W8XGDQB0AXNN7HN,2025-02-25 21:08:19.39,2025-02-25 21:08:19.39,116731,0,0,-116731
,01JMZF0X2BESFS4D82GD0B23ZX,01JGCGXGGS9W8XGDQB0AXNN7HN,2025-02-25 21:08:20.684,2025-02-25 21:08:20.684,116731,0,0,-116731
,01JMZF0X6428N30RBA7E7T7833,01JGCGXGGS9W8XGDQB0AXNN7HN,2025-02-25 21:08:20.886,2025-02-25 21:08:20.886,116731,0,0,-116731
,01JMZF0Y9CY0GH916GH5KK6WRN,01JGCGXGGS9W8XGDQB0AXNN7HN,2025-02-25 21:08:21.933,2025-02-25 21:08:21.933,116731,0,0,-116731
,01JMZF0YP7F3C5GP3V5A3F1Y58,01JGCGXGGS9W8XGDQB0AXNN7HN,2025-02-25 21:08:22.345,2025-02-25 21:08:22.345,116731,0,0,-116731
,01JMZF3T3F4G6060KBGQ0KPNEY,01JGCGXGGS9W8XGDQB0AXNN7HN,2025-02-25 21:09:55.953,2025-02-25 21:09:55.953,116731,0,0,-116731
,01JMZF3VJDKXJYV2BNM71QPWQT,01JGCGXGGS9W8XGDQB0AXNN7HN,2025-02-25 21:09:57.454,2025-02-25 21:09:57.454,116731,0,0,-116731
,01JMZF3X4B31GTKVC2NR8AXECC,01JGCGXGGS9W8XGDQB0AXNN7HN,2025-02-25 21:09:59.053,2025-02-25 21:09:59.053,116731,0,0,-116731
,01JMZF3YZRDKJ8NBX7X859Y0T9,01JGCGXGGS9W8XGDQB0AXNN7HN,2025-02-25 21:10:00.954,2025-02-25 21:10:00.954,116731,0,0,-116731
,01JMZF40V9MBVY24ZM5GR7FVG1,01JGCGXGGS9W8XGDQB0AXNN7HN,2025-02-25 21:10:02.858,2025-02-25 21:10:02.858,116731,0,0,-116731
,01JMZF42GAXERDM2ZNQFQ5F59Z,01JGCGXGGS9W8XGDQB0AXNN7HN,2025-02-25 21:10:04.556,2025-02-25 21:10:04.556,116731,0,0,-116731
,01JMZF448H8P4PCYNDZJ3AAAM7,01JGCGXGGS9W8XGDQB0AXNN7HN,2025-02-25 21:10:06.354,2025-02-25 21:10:06.354,116731,0,0,-116731
,01JN2PDBE0PRD23CGNXXJ9N1P2,01JGCGXGGS9W8XGDQB0AXNN7HN,2025-02-27 03:15:11.938,2025-02-27 03:15:11.938,116731,0,0,-116731
,01JN2PDCN3X6SV5NQXJXMCEDEE,01JGCGXGGS9W8XGDQB0AXNN7HN,2025-02-27 03:15:13.188,2025-02-27 03:15:13.188,116731,0,0,-116731
,01JN2PDDRJGQCE5VC9M72EBRER,01JGCGXGGS9W8XGDQB0AXNN7HN,2025-02-27 03:15:14.324,2025-02-27 03:15:14.324,116731,0,0,-116731
,01JN2PDEWPZQXE8Y9S3NW871V4,01JGCGXGGS9W8XGDQB0AXNN7HN,2025-02-27 03:15:15.479,2025-02-27 03:15:15.479,116731,0,0,-116731
,01JN2PDG1XB694H734XV4P7XNE,01JGCGXGGS9W8XGDQB0AXNN7HN,2025-02-27 03:15:16.67,2025-02-27 03:15:16.67,116731,0,0,-116731
,01JN2PDH6W5ASHJ1N6JRMQDBWS,01JGCGXGGS9W8XGDQB0AXNN7HN,2025-02-27 03:15:17.853,2025-02-27 03:15:17.853,116731,0,0,-116731
,01JN2PDJBP7VAW0V2SZDAQKDCE,01JGCGXGGS9W8XGDQB0AXNN7HN,2025-02-27 03:15:19.031,2025-02-27 03:15:19.031,116731,0,0,-116731
,01JN2PDKEQEYPAWRE5Q0RTG738,01JGCGXGGS9W8XGDQB0AXNN7HN,2025-02-27 03:15:20.152,2025-02-27 03:15:20.152,116731,0,0,-116731
,01JN2PDMMDSSJ2Z5YEHQCEZXK4,01JGCGXGGS9W8XGDQB0AXNN7HN,2025-02-27 03:15:21.358,2025-02-27 03:15:21.358,116731,0,0,-116731
,01JN2PDNR2QN89NPRTMME1K0FH,01JGCGXGGS9W8XGDQB0AXNN7HN,2025-02-27 03:15:22.499,2025-02-27 03:15:22.499,116731,0,0,-116731
,01JN2PDPVYH16XE44JQTYFZ943,01JGCGXGGS9W8XGDQB0AXNN7HN,2025-02-27 03:15:23.647,2025-02-27 03:15:23.647,116731,0,0,-116731
,01JN2PDR0CSPEY4GEZ78JFFVRK,01JGCGXGGS9W8XGDQB0AXNN7HN,2025-02-27 03:15:24.813,2025-02-27 03:15:24.813,116731,0,0,-116731
,01JN2PDS7WAFWQ8AVQX9BZJEYG,01JGCGXGGS9W8XGDQB0AXNN7HN,2025-02-27 03:15:26.077,2025-02-27 03:15:26.077,116731,0,0,-116731
,01JN2PDTFPGST5TZ5DYKRK37B7,01JGCGXGGS9W8XGDQB0AXNN7HN,2025-02-27 03:15:27.351,2025-02-27 03:15:27.351,116731,0,0,-116731
,01JN58STZQASK7RWNEQX2A5GEE,01JGCGXGGS9W8XGDQB0AXNN7HN,2025-02-28 03:15:04.312,2025-02-28 03:15:04.312,116731,0,0,-116731
,01JN58SWCP0PEKS5AD4MAVST60,01JGCGXGGS9W8XGDQB0AXNN7HN,2025-02-28 03:15:05.751,2025-02-28 03:15:05.751,116731,0,0,-116731
,01JN58SXFWY7XR8A94PFA10B06,01JGCGXGGS9W8XGDQB0AXNN7HN,2025-02-28 03:15:06.878,2025-02-28 03:15:06.878,116731,0,0,-116731
,01JN58SYKXBTFCS8S2M73DP135,01JGCGXGGS9W8XGDQB0AXNN7HN,2025-02-28 03:15:08.03,2025-02-28 03:15:08.03,116731,0,0,-116731
,01JN58SZSPMB6H8VNX77M2DGD7,01JGCGXGGS9W8XGDQB0AXNN7HN,2025-02-28 03:15:09.239,2025-02-28 03:15:09.239,116731,0,0,-116731
,01JN58T0WPQANSAQHV097C8JH2,01JGCGXGGS9W8XGDQB0AXNN7HN,2025-02-28 03:15:10.359,2025-02-28 03:15:10.359,116731,0,0,-116731
,01JN58T216DNKC5M4DDKR0J2GC,01JGCGXGGS9W8XGDQB0AXNN7HN,2025-02-28 03:15:11.527,2025-02-28 03:15:11.527,116731,0,0,-116731
,01JN58T348NTHJ8YN8HBPECNC7,01JGCGXGGS9W8XGDQB0AXNN7HN,2025-02-28 03:15:12.649,2025-02-28 03:15:12.649,116731,0,0,-116731
,01JN58T4E4SXDWS88T87R26F2T,01JGCGXGGS9W8XGDQB0AXNN7HN,2025-02-28 03:15:13.989,2025-02-28 03:15:13.989,116731,0,0,-116731
,01JN58T5HVT72G488KY5HQNT15,01JGCGXGGS9W8XGDQB0AXNN7HN,2025-02-28 03:15:15.133,2025-02-28 03:15:15.133,116731,0,0,-116731
,01JN58T6PC725TGXTZHMTGC6H4,01JGCGXGGS9W8XGDQB0AXNN7HN,2025-02-28 03:15:16.301,2025-02-28 03:15:16.301,116731,0,0,-116731
,01JN58T7SXERGHZZ55Z8RATDMM,01JGCGXGGS9W8XGDQB0AXNN7HN,2025-02-28 03:15:17.438,2025-02-28 03:15:17.438,116731,0,0,-116731
,01JN58T8XZ3KG0MNYY2MDZ69VE,01JGCGXGGS9W8XGDQB0AXNN7HN,2025-02-28 03:15:18.592,2025-02-28 03:15:18.592,116731,0,0,-116731
,01JN58TA1R4DEYXQT2BWBJRZ6Y,01JGCGXGGS9W8XGDQB0AXNN7HN,2025-02-28 03:15:19.738,2025-02-28 03:15:19.738,116731,0,0,-116731
,01JNPTS9DZVCM12WA5DX9BWDET,01JGCGXGGS9W8XGDQB0AXNN7HN,2025-03-06 22:56:26.057,2025-03-06 22:56:26.057,195391,-17449,297154,-212840
,01JNPTSAYS18J838F3EAD39GSE,01JGCGXGGS9W8XGDQB0AXNN7HN,2025-03-06 22:56:27.611,2025-03-06 22:56:27.611,195391,-17449,297154,-212840
,01JNPTSCD5FHW6NSDNAXQZ6F3R,01JGCGXGGS9W8XGDQB0AXNN7HN,2025-03-06 22:56:29.094,2025-03-06 22:56:29.094,195391,-17449,297154,-212840
,01JNPTSDR462KNH2ZZ8WC1J2DK,01JGCGXGGS9W8XGDQB0AXNN7HN,2025-03-06 22:56:30.469,2025-03-06 22:56:30.469,195391,-17449,297154,-212840
,01JNPTSF34MKCM11GAG9F1VAFN,01JGCGXGGS9W8XGDQB0AXNN7HN,2025-03-06 22:56:31.845,2025-03-06 22:56:31.845,195391,-17449,297154,-212840
,01JNPTSGDDQN1XESW02V0N3WA1,01JGCGXGGS9W8XGDQB0AXNN7HN,2025-03-06 22:56:33.199,2025-03-06 22:56:33.199,195391,-17449,297154,-212840
,01JNPTSHTBQW7CDW9DHDJE6KC9,01JGCGXGGS9W8XGDQB0AXNN7HN,2025-03-06 22:56:34.636,2025-03-06 22:56:34.636,195391,-17449,297154,-212840
,01JNPTSKC064DJ25HRGDCKHR49,01JGCGXGGS9W8XGDQB0AXNN7HN,2025-03-06 22:56:36.225,2025-03-06 22:56:36.225,195391,-17449,297154,-212840
,01JNPTSN2AV1TPCQ69HQF290YF,01JGCGXGGS9W8XGDQB0AXNN7HN,2025-03-06 22:56:38.033,2025-03-06 22:56:38.033,195391,-17449,297154,-212840
,01JNPTSPZWQE744EB7B91KDDQP,01JGCGXGGS9W8XGDQB0AXNN7HN,2025-03-06 22:56:39.984,2025-03-06 22:56:39.984,195391,-17449,297154,-212840
,01JNPTSRVQ8GQA7CW1PNRCJ7CN,01JGCGXGGS9W8XGDQB0AXNN7HN,2025-03-06 22:56:41.854,2025-03-06 22:56:41.854,195391,-17449,297154,-212840
,01JNPTSTKM4PPBEBTS7DJ8HC23,01JGCGXGGS9W8XGDQB0AXNN7HN,2025-03-06 22:56:43.652,2025-03-06 22:56:43.652,195391,-17449,297154,-212840
,01JNPTSWMWTSEVNTFJ6BGRY4XT,01JGCGXGGS9W8XGDQB0AXNN7HN,2025-03-06 22:56:46.417,2025-03-06 22:56:46.417,195391,-17449,297154,-212840
,01JNPTT1DPWEV161BX9M50HQF5,01JGCGXGGS9W8XGDQB0AXNN7HN,2025-03-06 22:56:50.717,2025-03-06 22:56:50.717,195391,-17449,297154,-212840
,01JNQ9M5DYBY4MVW0ZSH5V08H7,01JGCGXGGS9W8XGDQB0AXNN7HN,2025-03-07 03:15:46.762,2025-03-07 03:15:46.762,195391,-17449,297154,-212840
,01JNQ9M6TPG7CVYCQXBGVBA0F9,01JGCGXGGS9W8XGDQB0AXNN7HN,2025-03-07 03:15:48.183,2025-03-07 03:15:48.183,195391,-17449,297154,-212840
,01JNQ9M8BM8ZVE7QR69M22JCD4,01JGCGXGGS9W8XGDQB0AXNN7HN,2025-03-07 03:15:49.749,2025-03-07 03:15:49.749,195391,-17449,297154,-212840
,01JNQ9M9QJWKDSPWYDSYT78RYQ,01JGCGXGGS9W8XGDQB0AXNN7HN,2025-03-07 03:15:51.155,2025-03-07 03:15:51.155,195391,-17449,297154,-212840
,01JNQ9MB2SCB6DD906X423SZ06,01JGCGXGGS9W8XGDQB0AXNN7HN,2025-03-07 03:15:52.538,2025-03-07 03:15:52.538,195391,-17449,297154,-212840
,01JNQ9MCFKKZXMCFXV3ND6WCWS,01JGCGXGGS9W8XGDQB0AXNN7HN,2025-03-07 03:15:53.972,2025-03-07 03:15:53.972,195391,-17449,297154,-212840
,01JNQ9MDTDZ2S071JZBANN7W1J,01JGCGXGGS9W8XGDQB0AXNN7HN,2025-03-07 03:15:55.342,2025-03-07 03:15:55.342,195391,-17449,297154,-212840
,01JNQ9MF6FZ3M7FKP4B5Q82Q8P,01JGCGXGGS9W8XGDQB0AXNN7HN,2025-03-07 03:15:56.752,2025-03-07 03:15:56.752,195391,-17449,297154,-212840
,01JNQ9MGJ5YFH0RDK2TTKNP435,01JGCGXGGS9W8XGDQB0AXNN7HN,2025-03-07 03:15:58.158,2025-03-07 03:15:58.158,195391,-17449,297154,-212840
,01JNQ9MJ7Q3TY0FN7P8XKQVXQB,01JGCGXGGS9W8XGDQB0AXNN7HN,2025-03-07 03:15:59.874,2025-03-07 03:15:59.874,195391,-17449,297154,-212840
,01JNQ9MM1779KR322Q047BC4FV,01JGCGXGGS9W8XGDQB0AXNN7HN,2025-03-07 03:16:01.719,2025-03-07 03:16:01.719,195391,-17449,297154,-212840
,01JNQ9MNM5EJNM5NXY8V55S2JG,01JGCGXGGS9W8XGDQB0AXNN7HN,2025-03-07 03:16:03.334,2025-03-07 03:16:03.334,195391,-17449,297154,-212840
,01JNQ9MQ06YCBZBFSSGNTXSMW0,01JGCGXGGS9W8XGDQB0AXNN7HN,2025-03-07 03:16:04.743,2025-03-07 03:16:04.743,195391,-17449,297154,-212840
,01JNQ9MRE1VPNRWS51GE3KAEGJ,01JGCGXGGS9W8XGDQB0AXNN7HN,2025-03-07 03:16:06.221,2025-03-07 03:16:06.221,195391,-17449,297154,-212840
,01JNSW336Z8P7SEE77FSCGJZ2E,01JGCGXGGS9W8XGDQB0AXNN7HN,2025-03-08 03:16:59.324,2025-03-08 03:16:59.324,195391,-17449,297154,-212840
,01JNSW375MEJJDA82P7Q8W1157,01JGCGXGGS9W8XGDQB0AXNN7HN,2025-03-08 03:17:04.334,2025-03-08 03:17:04.334,195391,-17449,297154,-212840
,01JNSW4VFFHB7ERS4VBV5PMAX7,01JGCGXGGS9W8XGDQB0AXNN7HN,2025-03-08 03:18:00.48,2025-03-08 03:18:00.48,195391,-17449,297154,-212840
,01JNSW985X3YVP65G2HBVX91FY,01JGCGXGGS9W8XGDQB0AXNN7HN,2025-03-08 03:20:20.989,2025-03-08 03:20:20.989,195391,-17449,297154,-212840
,01JNSW99YWDK3GMFCV1ZJ0K0DM,01JGCGXGGS9W8XGDQB0AXNN7HN,2025-03-08 03:20:22.759,2025-03-08 03:20:22.759,195391,-17449,297154,-212840
,01JNSW9BM4V8RS8TPCJD9FX3JY,01JGCGXGGS9W8XGDQB0AXNN7HN,2025-03-08 03:20:24.47,2025-03-08 03:20:24.47,195391,-17449,297154,-212840
,01JNSW9D47SG8QDHH6XA7FBVCP,01JGCGXGGS9W8XGDQB0AXNN7HN,2025-03-08 03:20:25.996,2025-03-08 03:20:25.996,195391,-17449,297154,-212840
,01JNSW9EQC1PXDT3H15Z8S2WWA,01JGCGXGGS9W8XGDQB0AXNN7HN,2025-03-08 03:20:27.642,2025-03-08 03:20:27.642,195391,-17449,297154,-212840
,01JNSW9GB9TGTF6VTQ9RHQRS68,01JGCGXGGS9W8XGDQB0AXNN7HN,2025-03-08 03:20:29.305,2025-03-08 03:20:29.305,195391,-17449,297154,-212840
,01JNSW9HZHS4TAJQV0B61XRE92,01JGCGXGGS9W8XGDQB0AXNN7HN,2025-03-08 03:20:30.973,2025-03-08 03:20:30.973,195391,-17449,297154,-212840
,01JNSW9N2TRTR8RKBXSMB0WQJS,01JGCGXGGS9W8XGDQB0AXNN7HN,2025-03-08 03:20:34.144,2025-03-08 03:20:34.144,195391,-17449,297154,-212840
,01JNSW9PMX04VCPFJG2MM4W8QK,01JGCGXGGS9W8XGDQB0AXNN7HN,2025-03-08 03:20:35.751,2025-03-08 03:20:35.751,195391,-17449,297154,-212840
,01JNSW9R2QAP11M0KM4Z3NXQNR,01JGCGXGGS9W8XGDQB0AXNN7HN,2025-03-08 03:20:37.208,2025-03-08 03:20:37.208,195391,-17449,297154,-212840
,01JNSW9SDT40YPZ445J6WTHR1V,01JGCGXGGS9W8XGDQB0AXNN7HN,2025-03-08 03:20:38.587,2025-03-08 03:20:38.587,195391,-17449,297154,-212840
,01JNSW9TRGN3K1PSZT58ZWYANM,01JGCGXGGS9W8XGDQB0AXNN7HN,2025-03-08 03:20:39.953,2025-03-08 03:20:39.953,195391,-17449,297154,-212840
,01JNSW9W2JWEZDASN927HCCA5X,01JGCGXGGS9W8XGDQB0AXNN7HN,2025-03-08 03:20:41.299,2025-03-08 03:20:41.299,195391,-17449,297154,-212840
,01JNSW9XEYBZE6R2350EDTRT5V,01JGCGXGGS9W8XGDQB0AXNN7HN,2025-03-08 03:20:42.721,2025-03-08 03:20:42.721,195391,-17449,297154,-212840
,01JNSW9ZN5YX50J3YFC3RSKGZH,01JGCGXGGS9W8XGDQB0AXNN7HN,2025-03-08 03:20:44.984,2025-03-08 03:20:44.984,195391,-17449,297154,-212840
,01JNSWA1C8933CHHWDHQKQBQW8,01JGCGXGGS9W8XGDQB0AXNN7HN,2025-03-08 03:20:46.739,2025-03-08 03:20:46.739,195391,-17449,297154,-212840
,01JNSWA2Z2TQZJ0WZ59EWB761Z,01JGCGXGGS9W8XGDQB0AXNN7HN,2025-03-08 03:20:48.359,2025-03-08 03:20:48.359,195391,-17449,297154,-212840
,01JNSWA4MMMQQQT7C56BMNEXC4,01JGCGXGGS9W8XGDQB0AXNN7HN,2025-03-08 03:20:50.085,2025-03-08 03:20:50.085,195391,-17449,297154,-212840
,01JNSWA6C4E9MCADFD24KR7KRD,01JGCGXGGS9W8XGDQB0AXNN7HN,2025-03-08 03:20:51.928,2025-03-08 03:20:51.928,195391,-17449,297154,-212840
,01JNSWA88BE0QQHQF03H1EVNDT,01JGCGXGGS9W8XGDQB0AXNN7HN,2025-03-08 03:20:53.785,2025-03-08 03:20:53.785,195391,-17449,297154,-212840
,01JNSWAA1CKFFDM06TCQMEZZEV,01JGCGXGGS9W8XGDQB0AXNN7HN,2025-03-08 03:20:55.61,2025-03-08 03:20:55.61,195391,-17449,297154,-212840
,01JNSWABRBM6E9YZ244A69QENB,01JGCGXGGS9W8XGDQB0AXNN7HN,2025-03-08 03:20:57.368,2025-03-08 03:20:57.368,195391,-17449,297154,-212840
,01JNWEE1C82SWXEDHB00C6AYNF,01JGCGXGGS9W8XGDQB0AXNN7HN,2025-03-09 03:16:01.065,2025-03-09 03:16:01.065,195391,-17449,297154,-212840
,01JNWEE35WXX6MHGBAPVGX0PA7,01JGCGXGGS9W8XGDQB0AXNN7HN,2025-03-09 03:16:02.884,2025-03-09 03:16:02.884,195391,-17449,297154,-212840
,01JNWEE6090AD2Q39BX4RQE9A2,01JGCGXGGS9W8XGDQB0AXNN7HN,2025-03-09 03:16:05.781,2025-03-09 03:16:05.781,195391,-17449,297154,-212840
,01JNWEE7H4C56ZG3NKD7QGW77Q,01JGCGXGGS9W8XGDQB0AXNN7HN,2025-03-09 03:16:07.333,2025-03-09 03:16:07.333,195391,-17449,297154,-212840
,01JNWEE8YC30A62YG130X7W8HW,01JGCGXGGS9W8XGDQB0AXNN7HN,2025-03-09 03:16:08.782,2025-03-09 03:16:08.782,195391,-17449,297154,-212840
,01JNWEEAA8EN9G69XSBR7R268C,01JGCGXGGS9W8XGDQB0AXNN7HN,2025-03-09 03:16:10.185,2025-03-09 03:16:10.185,195391,-17449,297154,-212840
,01JNWEEE2XAWK54TC82RG0PBX2,01JGCGXGGS9W8XGDQB0AXNN7HN,2025-03-09 03:16:14.046,2025-03-09 03:16:14.046,195391,-17449,297154,-212840
,01JNWEEFEQE8TN49VPE9FWNHCK,01JGCGXGGS9W8XGDQB0AXNN7HN,2025-03-09 03:16:15.448,2025-03-09 03:16:15.448,195391,-17449,297154,-212840
,01JNWEEGSACQ6NHJSW4HFVHE7P,01JGCGXGGS9W8XGDQB0AXNN7HN,2025-03-09 03:16:16.811,2025-03-09 03:16:16.811,195391,-17449,297154,-212840
,01JNWEEJ5KGSDVGRAD1FABABSE,01JGCGXGGS9W8XGDQB0AXNN7HN,2025-03-09 03:16:18.228,2025-03-09 03:16:18.228,195391,-17449,297154,-212840
,01JNWEEKHQGZM5NTHW8W2E8153,01JGCGXGGS9W8XGDQB0AXNN7HN,2025-03-09 03:16:19.64,2025-03-09 03:16:19.64,195391,-17449,297154,-212840
,01JNWEEMXT15QGV0NQT5X72T4W,01JGCGXGGS9W8XGDQB0AXNN7HN,2025-03-09 03:16:21.051,2025-03-09 03:16:21.051,195391,-17449,297154,-212840
,01JNWEEQHW0BBWP054B0M92PQQ,01JGCGXGGS9W8XGDQB0AXNN7HN,2025-03-09 03:16:23.749,2025-03-09 03:16:23.749,195391,-17449,297154,-212840
,01JNWEEVEB030MFFQ0ZV70WBS3,01JGCGXGGS9W8XGDQB0AXNN7HN,2025-03-09 03:16:27.733,2025-03-09 03:16:27.733,195391,-17449,297154,-212840
,01JNWEEXX0WQXTK8Q3Z39N4J1D,01JGCGXGGS9W8XGDQB0AXNN7HN,2025-03-09 03:16:30.242,2025-03-09 03:16:30.242,195391,-17449,297154,-212840
,01JNWEEZBZ6EC44VDQV09RZ8SE,01JGCGXGGS9W8XGDQB0AXNN7HN,2025-03-09 03:16:31.744,2025-03-09 03:16:31.744,195391,-17449,297154,-212840
,01JNZ0TS11FCWJ1W6QXRX1GZ62,01JGCGXGGS9W8XGDQB0AXNN7HN,2025-03-10 03:16:01.707,2025-03-10 03:16:01.707,195391,-17449,297154,-212840
,01JNZ0TTFKWT20V30NB3DQ79J3,01JGCGXGGS9W8XGDQB0AXNN7HN,2025-03-10 03:16:03.188,2025-03-10 03:16:03.188,195391,-17449,297154,-212840
,01JNZ0TVY4M8YBMCPWJB7PKHCK,01JGCGXGGS9W8XGDQB0AXNN7HN,2025-03-10 03:16:04.68,2025-03-10 03:16:04.68,195391,-17449,297154,-212840
,01JNZ0TXF1TFTPQ06CGDC1X9PK,01JGCGXGGS9W8XGDQB0AXNN7HN,2025-03-10 03:16:06.242,2025-03-10 03:16:06.242,195391,-17449,297154,-212840
,01JNZ0TYW38CG04C2C0P0FHDNT,01JGCGXGGS9W8XGDQB0AXNN7HN,2025-03-10 03:16:07.684,2025-03-10 03:16:07.684,195391,-17449,297154,-212840
,01JNZ0V079CS6M4BNJANKFNDQB,01JGCGXGGS9W8XGDQB0AXNN7HN,2025-03-10 03:16:09.066,2025-03-10 03:16:09.066,195391,-17449,297154,-212840
,01JNZ0V1JF9JHAMZVZP1R8FVYG,01JGCGXGGS9W8XGDQB0AXNN7HN,2025-03-10 03:16:10.449,2025-03-10 03:16:10.449,195391,-17449,297154,-212840
,01JNZ0V2YJW9B2BCFT1H68QMP3,01JGCGXGGS9W8XGDQB0AXNN7HN,2025-03-10 03:16:11.859,2025-03-10 03:16:11.859,195391,-17449,297154,-212840
,01JNZ0V49Q81D6G8H139VJY8HQ,01JGCGXGGS9W8XGDQB0AXNN7HN,2025-03-10 03:16:13.241,2025-03-10 03:16:13.241,195391,-17449,297154,-212840
,01JNZ0V5XTK4P0HTJSPW82A4JW,01JGCGXGGS9W8XGDQB0AXNN7HN,2025-03-10 03:16:14.907,2025-03-10 03:16:14.907,195391,-17449,297154,-212840
,01JNZ0V9P43YE8NGBR3HBBZYF7,01JGCGXGGS9W8XGDQB0AXNN7HN,2025-03-10 03:16:18.771,2025-03-10 03:16:18.771,195391,-17449,297154,-212840
,01JNZ0VC98XJQQSG00RS5SZDSS,01JGCGXGGS9W8XGDQB0AXNN7HN,2025-03-10 03:16:21.418,2025-03-10 03:16:21.418,195391,-17449,297154,-212840
,01JNZ0VDMQ87S82XYXX8PV8B27,01JGCGXGGS9W8XGDQB0AXNN7HN,2025-03-10 03:16:22.808,2025-03-10 03:16:22.808,195391,-17449,297154,-212840
,01JNZ0VF376BNHMAMAXH28V5BE,01JGCGXGGS9W8XGDQB0AXNN7HN,2025-03-10 03:16:24.297,2025-03-10 03:16:24.297,195391,-17449,297154,-212840
,01JNZ0VGEPT893AN5ZXZNW5NPQ,01JGCGXGGS9W8XGDQB0AXNN7HN,2025-03-10 03:16:25.687,2025-03-10 03:16:25.687,195391,-17449,297154,-212840
,01JNZ0VHR6BDCYE61NEP0WWTF1,01JGCGXGGS9W8XGDQB0AXNN7HN,2025-03-10 03:16:27.015,2025-03-10 03:16:27.015,195391,-17449,297154,-212840
,01JP1K7XWT425ZNG79AAWGTB3Y,01JGCGXGGS9W8XGDQB0AXNN7HN,2025-03-11 03:16:15.956,2025-03-11 03:16:15.956,195391,-17449,297154,-212840
,01JP1K7ZQST1RB2X4P458KS2Y7,01JGCGXGGS9W8XGDQB0AXNN7HN,2025-03-11 03:16:17.798,2025-03-11 03:16:17.798,195391,-17449,297154,-212840
,01JP1K81GHZSNR26SHHFF06MH3,01JGCGXGGS9W8XGDQB0AXNN7HN,2025-03-11 03:16:19.619,2025-03-11 03:16:19.619,195391,-17449,297154,-212840
,01JP1K832XDF1W33XZAVGXPGEJ,01JGCGXGGS9W8XGDQB0AXNN7HN,2025-03-11 03:16:21.222,2025-03-11 03:16:21.222,195391,-17449,297154,-212840
,01JP1K84QG92ZEC9FHE2AQK12A,01JGCGXGGS9W8XGDQB0AXNN7HN,2025-03-11 03:16:22.912,2025-03-11 03:16:22.912,195391,-17449,297154,-212840
,01JP1K86CW7P99ATPE00Z9P164,01JGCGXGGS9W8XGDQB0AXNN7HN,2025-03-11 03:16:24.625,2025-03-11 03:16:24.625,195391,-17449,297154,-212840
,01JP1K8820MCYZX5XE7ZC7JQCB,01JGCGXGGS9W8XGDQB0AXNN7HN,2025-03-11 03:16:26.371,2025-03-11 03:16:26.371,195391,-17449,297154,-212840
,01JP1K89WES56Y29HJMGMG3RKR,01JGCGXGGS9W8XGDQB0AXNN7HN,2025-03-11 03:16:28.241,2025-03-11 03:16:28.241,195391,-17449,297154,-212840
,01JP45M117BM8N5Z12TRTP71RH,01JGCGXGGS9W8XGDQB0AXNN7HN,2025-03-12 03:15:55.603,2025-03-12 03:15:55.603,195391,-17449,297154,-212840
,01JP45M2VMH7FMJEG69DR8V70K,01JGCGXGGS9W8XGDQB0AXNN7HN,2025-03-12 03:15:57.442,2025-03-12 03:15:57.442,195391,-17449,297154,-212840
,01JP45M4GBAW7TASYHGFW7J2Y6,01JGCGXGGS9W8XGDQB0AXNN7HN,2025-03-12 03:15:59.13,2025-03-12 03:15:59.13,195391,-17449,297154,-212840
,01JP45M61NYGW7P3XAJB4AT2X6,01JGCGXGGS9W8XGDQB0AXNN7HN,2025-03-12 03:16:00.704,2025-03-12 03:16:00.704,195391,-17449,297154,-212840
,01JP45M7Q6NRM1BP7Z8J3PG3YD,01JGCGXGGS9W8XGDQB0AXNN7HN,2025-03-12 03:16:02.416,2025-03-12 03:16:02.416,195391,-17449,297154,-212840
,01JP45M9D85M2DXBD8Y94JJGD5,01JGCGXGGS9W8XGDQB0AXNN7HN,2025-03-12 03:16:04.152,2025-03-12 03:16:04.152,195391,-17449,297154,-212840
,01JP45MB4416SB3336D7KVQ62J,01JGCGXGGS9W8XGDQB0AXNN7HN,2025-03-12 03:16:05.984,2025-03-12 03:16:05.984,195391,-17449,297154,-212840
,01JP45MCZ1758MJ2F8Y5HNEBP7,01JGCGXGGS9W8XGDQB0AXNN7HN,2025-03-12 03:16:07.786,2025-03-12 03:16:07.786,195391,-17449,297154,-212840
,01JP45MEN5TJ87RD4FTRB7YBH8,01JGCGXGGS9W8XGDQB0AXNN7HN,2025-03-12 03:16:09.523,2025-03-12 03:16:09.523,195391,-17449,297154,-212840
,01JP45MGCM2WGR6RKQ68MKVFQB,01JGCGXGGS9W8XGDQB0AXNN7HN,2025-03-12 03:16:11.315,2025-03-12 03:16:11.315,195391,-17449,297154,-212840
,01JP45MJ1J9NJ012KQAKMGGVRN,01JGCGXGGS9W8XGDQB0AXNN7HN,2025-03-12 03:16:13.004,2025-03-12 03:16:13.004,195391,-17449,297154,-212840
,01JP45MKVAVPPDZN15D9RAH2VJ,01JGCGXGGS9W8XGDQB0AXNN7HN,2025-03-12 03:16:14.844,2025-03-12 03:16:14.844,195391,-17449,297154,-212840
,01JP45MNSYPWY2DS50HXQK5Y6K,01JGCGXGGS9W8XGDQB0AXNN7HN,2025-03-12 03:16:16.905,2025-03-12 03:16:16.905,195391,-17449,297154,-212840
,01JP45MQQ45H42H3RC0903Y981,01JGCGXGGS9W8XGDQB0AXNN7HN,2025-03-12 03:16:18.812,2025-03-12 03:16:18.812,195391,-17449,297154,-212840
,01JP45MSH066HZNXXRRW6H374A,01JGCGXGGS9W8XGDQB0AXNN7HN,2025-03-12 03:16:20.663,2025-03-12 03:16:20.663,195391,-17449,297154,-212840
,01JP45MV9HGS3EATA8Y6RTEAYQ,01JGCGXGGS9W8XGDQB0AXNN7HN,2025-03-12 03:16:22.475,2025-03-12 03:16:22.475,195391,-17449,297154,-212840
,01JP6R2JX32W6R0DN3P3R0HCJJ,01JGCGXGGS9W8XGDQB0AXNN7HN,2025-03-13 03:16:55.85,2025-03-13 03:16:55.85,195391,-17449,297154,-212840
,01JP6R2MC494EP2ZS1WJ7QGPT5,01JGCGXGGS9W8XGDQB0AXNN7HN,2025-03-13 03:16:57.349,2025-03-13 03:16:57.349,195391,-17449,297154,-212840
,01JP6R2NRMQGAKJQ4961G5T0MW,01JGCGXGGS9W8XGDQB0AXNN7HN,2025-03-13 03:16:58.774,2025-03-13 03:16:58.774,195391,-17449,297154,-212840
,01JP6R2Q4C21BEPY2SJ10V4J3X,01JGCGXGGS9W8XGDQB0AXNN7HN,2025-03-13 03:17:00.178,2025-03-13 03:17:00.178,195391,-17449,297154,-212840
,01JP6R2RJ7AV4CNT4Y9BFCQBT7,01JGCGXGGS9W8XGDQB0AXNN7HN,2025-03-13 03:17:01.641,2025-03-13 03:17:01.641,195391,-17449,297154,-212840
,01JP6R2T0J4R17XSC2G0JEMXT8,01JGCGXGGS9W8XGDQB0AXNN7HN,2025-03-13 03:17:03.123,2025-03-13 03:17:03.123,195391,-17449,297154,-212840
,01JP6R2VD9FQABYB2TQHMHG2FS,01JGCGXGGS9W8XGDQB0AXNN7HN,2025-03-13 03:17:04.555,2025-03-13 03:17:04.555,195391,-17449,297154,-212840
,01JP6R2WS8ZDFX2G26H2BN02KE,01JGCGXGGS9W8XGDQB0AXNN7HN,2025-03-13 03:17:05.961,2025-03-13 03:17:05.961,195391,-17449,297154,-212840
,01JP6R2Y6BZ3DCNVSJP5GX92PG,01JGCGXGGS9W8XGDQB0AXNN7HN,2025-03-13 03:17:07.406,2025-03-13 03:17:07.406,195391,-17449,297154,-212840
,01JP6R2ZJDHS6NAPGRNGQYX032,01JGCGXGGS9W8XGDQB0AXNN7HN,2025-03-13 03:17:08.815,2025-03-13 03:17:08.815,195391,-17449,297154,-212840
,01JP6R30YH3FST0ZCNV7V95E5E,01JGCGXGGS9W8XGDQB0AXNN7HN,2025-03-13 03:17:10.226,2025-03-13 03:17:10.226,195391,-17449,297154,-212840
,01JP6R3297JPM83QEKT73KY317,01JGCGXGGS9W8XGDQB0AXNN7HN,2025-03-13 03:17:11.592,2025-03-13 03:17:11.592,195391,-17449,297154,-212840
,01JP6R33MC4FH0NA69DB3AMKDR,01JGCGXGGS9W8XGDQB0AXNN7HN,2025-03-13 03:17:12.974,2025-03-13 03:17:12.974,195391,-17449,297154,-212840
,01JP6R350EGC77DNS16WM4SNFA,01JGCGXGGS9W8XGDQB0AXNN7HN,2025-03-13 03:17:14.383,2025-03-13 03:17:14.383,195391,-17449,297154,-212840
,01JP6R36BHB4CMST2SPJP92X4R,01JGCGXGGS9W8XGDQB0AXNN7HN,2025-03-13 03:17:15.762,2025-03-13 03:17:15.762,195391,-17449,297154,-212840
,01JP6R39K03521GASR8X912YH6,01JGCGXGGS9W8XGDQB0AXNN7HN,2025-03-13 03:17:19.469,2025-03-13 03:17:19.469,195391,-17449,297154,-212840
,01JP6R3D9ZHEWBYN01TMZV2AVP,01JGCGXGGS9W8XGDQB0AXNN7HN,2025-03-13 03:17:22.886,2025-03-13 03:17:22.886,195391,-17449,297154,-212840
,01JP6R3ERYNG73CPF6MTAW7BCG,01JGCGXGGS9W8XGDQB0AXNN7HN,2025-03-13 03:17:24.384,2025-03-13 03:17:24.384,195391,-17449,297154,-212840
,01JP6R3G4JF6FR4B4B5PG3H762,01JGCGXGGS9W8XGDQB0AXNN7HN,2025-03-13 03:17:25.779,2025-03-13 03:17:25.779,195391,-17449,297154,-212840
,01JP6R3HF690VT0Y9ZSE97MV8M,01JGCGXGGS9W8XGDQB0AXNN7HN,2025-03-13 03:17:27.145,2025-03-13 03:17:27.145,195391,-17449,297154,-212840
,01JP6R3JTPY3CYRAZ3E9TA8PP5,01JGCGXGGS9W8XGDQB0AXNN7HN,2025-03-13 03:17:28.535,2025-03-13 03:17:28.535,195391,-17449,297154,-212840
,01JP6R3M5VNAKWTBJWTR24M1DX,01JGCGXGGS9W8XGDQB0AXNN7HN,2025-03-13 03:17:29.916,2025-03-13 03:17:29.916,195391,-17449,297154,-212840
,01JP6R3NGQ4NJK7YDZBX8TPKY7,01JGCGXGGS9W8XGDQB0AXNN7HN,2025-03-13 03:17:31.288,2025-03-13 03:17:31.288,195391,-17449,297154,-212840
,01JP6R3PTJW3KN784RFAETC1BY,01JGCGXGGS9W8XGDQB0AXNN7HN,2025-03-13 03:17:32.627,2025-03-13 03:17:32.627,195391,-17449,297154,-212840
,01JP9D0Y5E8V0BBJE736VMRTER,01JGCGXGGS9W8XGDQB0AXNN7HN,2025-03-14 04:01:30.869,2025-03-14 04:01:30.869,195391,-17449,297154,-212840
,01JP9D10FTMM19NTSZJZPBQAEM,01JGCGXGGS9W8XGDQB0AXNN7HN,2025-03-14 04:01:33.288,2025-03-14 04:01:33.288,195391,-17449,297154,-212840
,01JP9D1K6W0HPHN2M7NR5S4ZCP,01JGCGXGGS9W8XGDQB0AXNN7HN,2025-03-14 04:01:52.69,2025-03-14 04:01:52.69,195391,-17449,297154,-212840
,01JP9D217DWQH9AWFFHERH1STR,01JGCGXGGS9W8XGDQB0AXNN7HN,2025-03-14 04:02:06.99,2025-03-14 04:02:06.99,195391,-17449,297154,-212840
,01JP9D2NEPTFSBSDEH6CBJ4DM3,01JGCGXGGS9W8XGDQB0AXNN7HN,2025-03-14 04:02:27.974,2025-03-14 04:02:27.974,195391,-17449,297154,-212840
,01JP9D6EX7ESEDYCP9RKBF3GTS,01JGCGXGGS9W8XGDQB0AXNN7HN,2025-03-14 04:04:31.827,2025-03-14 04:04:31.827,195391,-17449,297154,-212840
,01JP9D6GF9FJAC1YA860QT9HX8,01JGCGXGGS9W8XGDQB0AXNN7HN,2025-03-14 04:04:33.386,2025-03-14 04:04:33.386,195391,-17449,297154,-212840
,01JP9D6JB4S3YH51JEVQMZBA7H,01JGCGXGGS9W8XGDQB0AXNN7HN,2025-03-14 04:04:35.302,2025-03-14 04:04:35.302,195391,-17449,297154,-212840
,01JP9D6M1K0R2S9TRANET720BF,01JGCGXGGS9W8XGDQB0AXNN7HN,2025-03-14 04:04:37.044,2025-03-14 04:04:37.044,195391,-17449,297154,-212840
,01JP9D6NHQG3JHN5BYBZQWCBDR,01JGCGXGGS9W8XGDQB0AXNN7HN,2025-03-14 04:04:38.584,2025-03-14 04:04:38.584,195391,-17449,297154,-212840
,01JP9D6QG77FXV6CZBCB1G4A1Y,01JGCGXGGS9W8XGDQB0AXNN7HN,2025-03-14 04:04:40.584,2025-03-14 04:04:40.584,195391,-17449,297154,-212840
,01JP9D6SR3T72RDWQ31RE32ME0,01JGCGXGGS9W8XGDQB0AXNN7HN,2025-03-14 04:04:42.885,2025-03-14 04:04:42.885,195391,-17449,297154,-212840
,01JP9D6VKRH4032YV8R5R5TD2Z,01JGCGXGGS9W8XGDQB0AXNN7HN,2025-03-14 04:04:44.907,2025-03-14 04:04:44.907,195391,-17449,297154,-212840
,01JP9D6Y0B55T5NGKNB6WRQJD0,01JGCGXGGS9W8XGDQB0AXNN7HN,2025-03-14 04:04:47.298,2025-03-14 04:04:47.298,195391,-17449,297154,-212840
,01JP9D713FFE5VV439MSZTCV63,01JGCGXGGS9W8XGDQB0AXNN7HN,2025-03-14 04:04:50.576,2025-03-14 04:04:50.576,195391,-17449,297154,-212840
,01JP9D7551BYRX7EC64K2PZS81,01JGCGXGGS9W8XGDQB0AXNN7HN,2025-03-14 04:04:54.721,2025-03-14 04:04:54.721,195391,-17449,297154,-212840
,01JP9D8WVMB3T61ZSYEBF8NYJP,01JGCGXGGS9W8XGDQB0AXNN7HN,2025-03-14 04:05:51.927,2025-03-14 04:05:51.927,195391,-17449,297154,-212840
,01JPBWTPBG063CGRWPBY3Z56FX,01JGCGXGGS9W8XGDQB0AXNN7HN,2025-03-15 03:16:12.416,2025-03-15 03:16:12.416,195391,-17449,297154,-212840
,01JPBWTSAV3M9K2N63CPJ2CAWB,01JGCGXGGS9W8XGDQB0AXNN7HN,2025-03-15 03:16:15.436,2025-03-15 03:16:15.436,195391,-17449,297154,-212840
,01JPBWTWC5E91A8JM9PG95VQ92,01JGCGXGGS9W8XGDQB0AXNN7HN,2025-03-15 03:16:18.556,2025-03-15 03:16:18.556,195391,-17449,297154,-212840
,01JPBWTZWCAWWMHSPNNBTQVZBM,01JGCGXGGS9W8XGDQB0AXNN7HN,2025-03-15 03:16:22.155,2025-03-15 03:16:22.155,195391,-17449,297154,-212840
,01JPBWV3JJVYQD7SH2T3EGZ73M,01JGCGXGGS9W8XGDQB0AXNN7HN,2025-03-15 03:16:25.939,2025-03-15 03:16:25.939,195391,-17449,297154,-212840
,01JPBWV7D62JP54C98R8CQVFAV,01JGCGXGGS9W8XGDQB0AXNN7HN,2025-03-15 03:16:29.866,2025-03-15 03:16:29.866,195391,-17449,297154,-212840
,01JPBWVBTRM1419QHVA4V38BSF,01JGCGXGGS9W8XGDQB0AXNN7HN,2025-03-15 03:16:34.452,2025-03-15 03:16:34.452,195391,-17449,297154,-212840
,01JPBWVFX5T7XXYKDD121119PE,01JGCGXGGS9W8XGDQB0AXNN7HN,2025-03-15 03:16:38.56,2025-03-15 03:16:38.56,195391,-17449,297154,-212840
,01JPBWVM2573TYYZB2MBGVGS7X,01JGCGXGGS9W8XGDQB0AXNN7HN,2025-03-15 03:16:42.812,2025-03-15 03:16:42.812,195391,-17449,297154,-212840
,01JPBWVYXNMXMA0TNSD8254F89,01JGCGXGGS9W8XGDQB0AXNN7HN,2025-03-15 03:16:53.908,2025-03-15 03:16:53.908,195391,-17449,297154,-212840
,01JPBWW1F04TCJQPD2RTWFB46E,01JGCGXGGS9W8XGDQB0AXNN7HN,2025-03-15 03:16:56.515,2025-03-15 03:16:56.515,195391,-17449,297154,-212840
,01JPBWW48XNYQH3AYPQWPTQPAE,01JGCGXGGS9W8XGDQB0AXNN7HN,2025-03-15 03:16:59.4,2025-03-15 03:16:59.4,195391,-17449,297154,-212840
,01JPBWW6SVP8M8H6409WYQ31ER,01JGCGXGGS9W8XGDQB0AXNN7HN,2025-03-15 03:17:02.017,2025-03-15 03:17:02.017,195391,-17449,297154,-212840
,01JPBWW9XZ1Q1VBJQYQDBB3AMV,01JGCGXGGS9W8XGDQB0AXNN7HN,2025-03-15 03:17:05.177,2025-03-15 03:17:05.177,195391,-17449,297154,-212840
,01JPBWWCVDXT1F0P37JQTWNBDB,01JGCGXGGS9W8XGDQB0AXNN7HN,2025-03-15 03:17:08.253,2025-03-15 03:17:08.253,195391,-17449,297154,-212840
,01JPBWWG2CFW1D35Q0B19YHJV2,01JGCGXGGS9W8XGDQB0AXNN7HN,2025-03-15 03:17:11.477,2025-03-15 03:17:11.477,195391,-17449,297154,-212840
,01JPBWWKTWZGS5N7V7ZCD7A3RF,01JGCGXGGS9W8XGDQB0AXNN7HN,2025-03-15 03:17:15.354,2025-03-15 03:17:15.354,195391,-17449,297154,-212840
,01JPBWWPS6GVPVR4G4QAKHQQSC,01JGCGXGGS9W8XGDQB0AXNN7HN,2025-03-15 03:17:18.374,2025-03-15 03:17:18.374,195391,-17449,297154,-212840
,01JPBWWTKFF8CJ4Y44AN5NY75H,01JGCGXGGS9W8XGDQB0AXNN7HN,2025-03-15 03:17:22.262,2025-03-15 03:17:22.262,195391,-17449,297154,-212840
,01JPBWWY7ZSWMB83N5ZKXSDS79,01JGCGXGGS9W8XGDQB0AXNN7HN,2025-03-15 03:17:26.01,2025-03-15 03:17:26.01,195391,-17449,297154,-212840
,01JPBWX2E2NDFBNWAFAA5NV349,01JGCGXGGS9W8XGDQB0AXNN7HN,2025-03-15 03:17:30.325,2025-03-15 03:17:30.325,195391,-17449,297154,-212840
,01JPBWX68E3E6MBRMCKP1EE320,01JGCGXGGS9W8XGDQB0AXNN7HN,2025-03-15 03:17:34.244,2025-03-15 03:17:34.244,195391,-17449,297154,-212840
,01JPBWXAPQ0N8F106MQ7RFZ6Y0,01JGCGXGGS9W8XGDQB0AXNN7HN,2025-03-15 03:17:38.813,2025-03-15 03:17:38.813,195391,-17449,297154,-212840
,01JPBWXE8BZTEFS2WAXFZZBFJA,01JGCGXGGS9W8XGDQB0AXNN7HN,2025-03-15 03:17:42.402,2025-03-15 03:17:42.402,195391,-17449,297154,-212840
,01JPBWYG4KMYXHSV7X2E6N57MX,01JGCGXGGS9W8XGDQB0AXNN7HN,2025-03-15 03:18:17.094,2025-03-15 03:18:17.094,195391,-17449,297154,-212840
,01JPBWYJRE3V84NY7RNPVRKMZC,01JGCGXGGS9W8XGDQB0AXNN7HN,2025-03-15 03:18:19.778,2025-03-15 03:18:19.778,195391,-17449,297154,-212840
,01JPEF6E02RWK3TNQQCZYQSCF2,01JGCGXGGS9W8XGDQB0AXNN7HN,2025-03-16 03:15:40.247,2025-03-16 03:15:40.247,195391,-17449,297154,-212840
,01JPEF6G2HSX1N6JVFA1DWH933,01JGCGXGGS9W8XGDQB0AXNN7HN,2025-03-16 03:15:42.368,2025-03-16 03:15:42.368,195391,-17449,297154,-212840
,01JPEF6J6TBCSTSEENFY72YZP4,01JGCGXGGS9W8XGDQB0AXNN7HN,2025-03-16 03:15:44.562,2025-03-16 03:15:44.562,195391,-17449,297154,-212840
,01JPEF6M44RZHKKSQFZ3MD6JSA,01JGCGXGGS9W8XGDQB0AXNN7HN,2025-03-16 03:15:46.504,2025-03-16 03:15:46.504,195391,-17449,297154,-212840
,01JPEF6P56WT1BX326YYF43P3Z,01JGCGXGGS9W8XGDQB0AXNN7HN,2025-03-16 03:15:48.586,2025-03-16 03:15:48.586,195391,-17449,297154,-212840
,01JPEF6R741Y7C4W62T39YPPKB,01JGCGXGGS9W8XGDQB0AXNN7HN,2025-03-16 03:15:50.718,2025-03-16 03:15:50.718,195391,-17449,297154,-212840
,01JPEF6TB0Y0VR7CHYB5CNHZRF,01JGCGXGGS9W8XGDQB0AXNN7HN,2025-03-16 03:15:52.925,2025-03-16 03:15:52.925,195391,-17449,297154,-212840
,01JPEF6WM3MPVH9P1E3ZRMY6P3,01JGCGXGGS9W8XGDQB0AXNN7HN,2025-03-16 03:15:55.237,2025-03-16 03:15:55.237,195391,-17449,297154,-212840
,01JPEF6ZFNWNXHC70C0MC7GY8X,01JGCGXGGS9W8XGDQB0AXNN7HN,2025-03-16 03:15:58.152,2025-03-16 03:15:58.152,195391,-17449,297154,-212840
,01JPEF71YHVNK4DD31B34J4WCV,01JGCGXGGS9W8XGDQB0AXNN7HN,2025-03-16 03:16:00.665,2025-03-16 03:16:00.665,195391,-17449,297154,-212840
,01JPEF74957DXQZEJND08DNX1Z,01JGCGXGGS9W8XGDQB0AXNN7HN,2025-03-16 03:16:03.057,2025-03-16 03:16:03.057,195391,-17449,297154,-212840
,01JPEF76ZX2X8TXA07VA1DAJ9D,01JGCGXGGS9W8XGDQB0AXNN7HN,2025-03-16 03:16:05.848,2025-03-16 03:16:05.848,195391,-17449,297154,-212840
,01JPEF79CV75SGSCNPBWJPKND2,01JGCGXGGS9W8XGDQB0AXNN7HN,2025-03-16 03:16:08.293,2025-03-16 03:16:08.293,195391,-17449,297154,-212840
,01JPEF7BSNE8W2RNF3D93YD689,01JGCGXGGS9W8XGDQB0AXNN7HN,2025-03-16 03:16:10.767,2025-03-16 03:16:10.767,195391,-17449,297154,-212840
,01JPEF7EJ2HQ9VMATJMKXQ2000,01JGCGXGGS9W8XGDQB0AXNN7HN,2025-03-16 03:16:13.69,2025-03-16 03:16:13.69,195391,-17449,297154,-212840
,01JPEF7HFJW40GZ8M3GTSAKTDN,01JGCGXGGS9W8XGDQB0AXNN7HN,2025-03-16 03:16:16.597,2025-03-16 03:16:16.597,195391,-17449,297154,-212840
,01JPEF7MKNKVR5KZVW8KN6X3KA,01JGCGXGGS9W8XGDQB0AXNN7HN,2025-03-16 03:16:19.816,2025-03-16 03:16:19.816,195391,-17449,297154,-212840
,01JPEF7Q36YVMPKXAHP6FRR7ZF,01JGCGXGGS9W8XGDQB0AXNN7HN,2025-03-16 03:16:22.343,2025-03-16 03:16:22.343,195391,-17449,297154,-212840
,01JPH1M8MCQ3M2PZ3R4RN8JZ4P,01JGCGXGGS9W8XGDQB0AXNN7HN,2025-03-17 03:16:16.658,2025-03-17 03:16:16.658,195391,-17449,297154,-212840
,01JPH1MA30GHV29EHZ2GBT0KQS,01JGCGXGGS9W8XGDQB0AXNN7HN,2025-03-17 03:16:18.146,2025-03-17 03:16:18.146,195391,-17449,297154,-212840
,01JPH1MBHTJBXBPT1G3K7YF73C,01JGCGXGGS9W8XGDQB0AXNN7HN,2025-03-17 03:16:19.643,2025-03-17 03:16:19.643,195391,-17449,297154,-212840
,01JPH1MCYYEFMCC3GGGQFJF6CB,01JGCGXGGS9W8XGDQB0AXNN7HN,2025-03-17 03:16:21.088,2025-03-17 03:16:21.088,195391,-17449,297154,-212840
,01JPH1MEB607VEF6CMP5EJT9V2,01JGCGXGGS9W8XGDQB0AXNN7HN,2025-03-17 03:16:22.503,2025-03-17 03:16:22.503,195391,-17449,297154,-212840
,01JPH1MFQ0KB54CSXKRKJD23DV,01JGCGXGGS9W8XGDQB0AXNN7HN,2025-03-17 03:16:23.905,2025-03-17 03:16:23.905,195391,-17449,297154,-212840
,01JPH1MH3027QEM0BGSC4GFCG7,01JGCGXGGS9W8XGDQB0AXNN7HN,2025-03-17 03:16:25.313,2025-03-17 03:16:25.313,195391,-17449,297154,-212840
,01JPH1MJG1N21SD5BXD83ERD33,01JGCGXGGS9W8XGDQB0AXNN7HN,2025-03-17 03:16:26.754,2025-03-17 03:16:26.754,195391,-17449,297154,-212840
,01JPH1MKXSF8C94TCKQ3T6AAK0,01JGCGXGGS9W8XGDQB0AXNN7HN,2025-03-17 03:16:28.218,2025-03-17 03:16:28.218,195391,-17449,297154,-212840
,01JPH1MN92W4D6EAK46SXMY7PZ,01JGCGXGGS9W8XGDQB0AXNN7HN,2025-03-17 03:16:29.604,2025-03-17 03:16:29.604,195391,-17449,297154,-212840
,01JPH1MPNQ12S50XCYTD2X38HS,01JGCGXGGS9W8XGDQB0AXNN7HN,2025-03-17 03:16:31.033,2025-03-17 03:16:31.033,195391,-17449,297154,-212840
,01JPH1MR5X1KARHVZ42WDG14Y1,01JGCGXGGS9W8XGDQB0AXNN7HN,2025-03-17 03:16:32.574,2025-03-17 03:16:32.574,195391,-17449,297154,-212840
,01JPH1MSHB289N9RNXYV0K1AZR,01JGCGXGGS9W8XGDQB0AXNN7HN,2025-03-17 03:16:33.965,2025-03-17 03:16:33.965,195391,-17449,297154,-212840
,01JPH1MTZ2WVVHYGA0WW02SWHG,01JGCGXGGS9W8XGDQB0AXNN7HN,2025-03-17 03:16:35.428,2025-03-17 03:16:35.428,195391,-17449,297154,-212840
,01JPH1MWAWKZ3147TH5M2YGHCQ,01JGCGXGGS9W8XGDQB0AXNN7HN,2025-03-17 03:16:36.829,2025-03-17 03:16:36.829,195391,-17449,297154,-212840
,01JPH1MXQP93H8KE0YGN8P979P,01JGCGXGGS9W8XGDQB0AXNN7HN,2025-03-17 03:16:38.263,2025-03-17 03:16:38.263,195391,-17449,297154,-212840
,01JPH1MZ3FMRAVBVG7JN3A1Z58,01JGCGXGGS9W8XGDQB0AXNN7HN,2025-03-17 03:16:39.664,2025-03-17 03:16:39.664,195391,-17449,297154,-212840
,01JPH1N0FR6QVBPDPXW7PPCDG0,01JGCGXGGS9W8XGDQB0AXNN7HN,2025-03-17 03:16:41.082,2025-03-17 03:16:41.082,195391,-17449,297154,-212840
,01JPKWED2H8M29NFPH0WM89BY9,01JGCGXGGS9W8XGDQB0AXNN7HN,2025-03-18 05:43:25.365,2025-03-18 05:43:25.365,195391,-17449,297154,-212840
,01JPKWF04BNNFXP3FECGRQZAFF,01JGCGXGGS9W8XGDQB0AXNN7HN,2025-03-18 05:43:45.028,2025-03-18 05:43:45.028,195391,-17449,297154,-212840
,01JPKWFMBA4MJYVTTHQ7DNGZ2T,01JGCGXGGS9W8XGDQB0AXNN7HN,2025-03-18 05:44:05.445,2025-03-18 05:44:05.445,195391,-17449,297154,-212840
,01JPKWG26MX78QXN9CHGKHY518,01JGCGXGGS9W8XGDQB0AXNN7HN,2025-03-18 05:44:19.628,2025-03-18 05:44:19.628,195391,-17449,297154,-212840
,01JPKWHJKG7YGKE86V391JW5E9,01JGCGXGGS9W8XGDQB0AXNN7HN,2025-03-18 05:45:08.978,2025-03-18 05:45:08.978,195391,-17449,297154,-212840
,01JPKWHMSVFFJY6RPANP9Z6VJ1,01JGCGXGGS9W8XGDQB0AXNN7HN,2025-03-18 05:45:11.228,2025-03-18 05:45:11.228,195391,-17449,297154,-212840
,01JPKWHPFRQZC21YHXE26NAHDT,01JGCGXGGS9W8XGDQB0AXNN7HN,2025-03-18 05:45:12.953,2025-03-18 05:45:12.953,195391,-17449,297154,-212840
,01JPKWHRADAHMXT0Y36S7MZZ4Z,01JGCGXGGS9W8XGDQB0AXNN7HN,2025-03-18 05:45:14.83,2025-03-18 05:45:14.83,195391,-17449,297154,-212840
,01JPKWHW499MMS0DGPFTJEDZCB,01JGCGXGGS9W8XGDQB0AXNN7HN,2025-03-18 05:45:18.73,2025-03-18 05:45:18.73,195391,-17449,297154,-212840
,01JPKWHZ2XVE77Z5G5FYTXSE6X,01JGCGXGGS9W8XGDQB0AXNN7HN,2025-03-18 05:45:21.769,2025-03-18 05:45:21.769,195391,-17449,297154,-212840
,01JPKWJ11WVC3HAA2G0XA11ATS,01JGCGXGGS9W8XGDQB0AXNN7HN,2025-03-18 05:45:23.963,2025-03-18 05:45:23.963,195391,-17449,297154,-212840
,01JPKWJ3NG01EWZM6K1SVRHTWV,01JGCGXGGS9W8XGDQB0AXNN7HN,2025-03-18 05:45:26.489,2025-03-18 05:45:26.489,195391,-17449,297154,-212840
,01JPKWJ68PM26HG6X2ZK8DDAWS,01JGCGXGGS9W8XGDQB0AXNN7HN,2025-03-18 05:45:29.214,2025-03-18 05:45:29.214,195391,-17449,297154,-212840
,01JPKWJ9D2H6JDZNPS85N63ZGG,01JGCGXGGS9W8XGDQB0AXNN7HN,2025-03-18 05:45:32.529,2025-03-18 05:45:32.529,195391,-17449,297154,-212840
,01JPKWJMKVNX4GNFX5D11B34WR,01JGCGXGGS9W8XGDQB0AXNN7HN,2025-03-18 05:45:44.192,2025-03-18 05:45:44.192,195391,-17449,297154,-212840
,01JPKWKSFGA5HP3BD10MDWWF51,01JGCGXGGS9W8XGDQB0AXNN7HN,2025-03-18 05:46:23.765,2025-03-18 05:46:23.765,195391,-17449,297154,-212840
,01JPKWMAA2D882BYYP9DY96X74,01JGCGXGGS9W8XGDQB0AXNN7HN,2025-03-18 05:46:39.118,2025-03-18 05:46:39.118,195391,-17449,297154,-212840
,01JPKWMZ9QV2280ZF9FR6SG4PR,01JGCGXGGS9W8XGDQB0AXNN7HN,2025-03-18 05:47:00.461,2025-03-18 05:47:00.461,195391,-17449,297154,-212840
,01JPKWNKHY1HB1BJFQ032VZ4CR,01JGCGXGGS9W8XGDQB0AXNN7HN,2025-03-18 05:47:21.293,2025-03-18 05:47:21.293,195391,-17449,297154,-212840
,01JPKWNNE34S4H25KWQ0PPWXS3,01JGCGXGGS9W8XGDQB0AXNN7HN,2025-03-18 05:47:22.948,2025-03-18 05:47:22.948,195391,-17449,297154,-212840
,01JPP6SWXM9TVTPMTK6GXCD1H4,01JGCGXGGS9W8XGDQB0AXNN7HN,2025-03-19 03:22:56.406,2025-03-19 03:22:56.406,195391,-17449,297154,-212840
,01JPP6SZA7QNR8WBA3V41Y6HNC,01JGCGXGGS9W8XGDQB0AXNN7HN,2025-03-19 03:22:58.843,2025-03-19 03:22:58.843,195391,-17449,297154,-212840
,01JPP6T1Q3VZJBP31JS0YBJGXF,01JGCGXGGS9W8XGDQB0AXNN7HN,2025-03-19 03:23:01.304,2025-03-19 03:23:01.304,195391,-17449,297154,-212840
,01JPP6T4AZ9Z8C4TDZY9EXD4K3,01JGCGXGGS9W8XGDQB0AXNN7HN,2025-03-19 03:23:03.992,2025-03-19 03:23:03.992,195391,-17449,297154,-212840
,01JPP6T73ZWH1PE54QFPA5ADAX,01JGCGXGGS9W8XGDQB0AXNN7HN,2025-03-19 03:23:06.851,2025-03-19 03:23:06.851,195391,-17449,297154,-212840
,01JPP6TA4PY1QZCRXWMB3A9XFX,01JGCGXGGS9W8XGDQB0AXNN7HN,2025-03-19 03:23:09.933,2025-03-19 03:23:09.933,195391,-17449,297154,-212840
,01JPP6TCPNHAC6VD936398KEF4,01JGCGXGGS9W8XGDQB0AXNN7HN,2025-03-19 03:23:12.589,2025-03-19 03:23:12.589,195391,-17449,297154,-212840
,01JPP6TF882CWMKZVHG4GQFW20,01JGCGXGGS9W8XGDQB0AXNN7HN,2025-03-19 03:23:15.174,2025-03-19 03:23:15.174,195391,-17449,297154,-212840
,01JPP6THZJBE5ZDRMQAME072YD,01JGCGXGGS9W8XGDQB0AXNN7HN,2025-03-19 03:23:17.99,2025-03-19 03:23:17.99,195391,-17449,297154,-212840
,01JPP6TN63Q3BF2PTFHP6CES6J,01JGCGXGGS9W8XGDQB0AXNN7HN,2025-03-19 03:23:21.274,2025-03-19 03:23:21.274,195391,-17449,297154,-212840
,01JPP6TR8378HPVSBB8GPJR7M5,01JGCGXGGS9W8XGDQB0AXNN7HN,2025-03-19 03:23:24.413,2025-03-19 03:23:24.413,195391,-17449,297154,-212840
,01JPP6TVYH47WZ73EJ97CKE516,01JGCGXGGS9W8XGDQB0AXNN7HN,2025-03-19 03:23:28.211,2025-03-19 03:23:28.211,195391,-17449,297154,-212840
,01JPP6TZMQC7GT0E35GQC5B4TY,01JGCGXGGS9W8XGDQB0AXNN7HN,2025-03-19 03:23:32.001,2025-03-19 03:23:32.001,195391,-17449,297154,-212840
,01JPP6V3FV2RG9DRWM853VZ607,01JGCGXGGS9W8XGDQB0AXNN7HN,2025-03-19 03:23:35.928,2025-03-19 03:23:35.928,195391,-17449,297154,-212840
,01JPP6V7MFZ975G3Y1VWB5SS0Z,01JGCGXGGS9W8XGDQB0AXNN7HN,2025-03-19 03:23:40.292,2025-03-19 03:23:40.292,195391,-17449,297154,-212840
,01JPP6VC3J0MEPZTQZMT2PZJN0,01JGCGXGGS9W8XGDQB0AXNN7HN,2025-03-19 03:23:44.742,2025-03-19 03:23:44.742,195391,-17449,297154,-212840
,01JPP6VGVNZDSTHX3P630YYF7N,01JGCGXGGS9W8XGDQB0AXNN7HN,2025-03-19 03:23:49.627,2025-03-19 03:23:49.627,195391,-17449,297154,-212840
,01JPP6VN7RT3687MAVNVMKCB07,01JGCGXGGS9W8XGDQB0AXNN7HN,2025-03-19 03:23:54.152,2025-03-19 03:23:54.152,195391,-17449,297154,-212840
,01JPP6VVV4YCA7CEVD26TXVPAQ,01JGCGXGGS9W8XGDQB0AXNN7HN,2025-03-19 03:24:00.915,2025-03-19 03:24:00.915,195391,-17449,297154,-212840
,01JPP6W2Q8A1CF9GDM75MFKTY6,01JGCGXGGS9W8XGDQB0AXNN7HN,2025-03-19 03:24:07.971,2025-03-19 03:24:07.971,195391,-17449,297154,-212840
,01JPP6WATM40WM6CTYQPXW5W2B,01JGCGXGGS9W8XGDQB0AXNN7HN,2025-03-19 03:24:16.28,2025-03-19 03:24:16.28,195391,-17449,297154,-212840
,01JPP6WG97T4CZRVQJJ3843AZ2,01JGCGXGGS9W8XGDQB0AXNN7HN,2025-03-19 03:24:21.845,2025-03-19 03:24:21.845,195391,-17449,297154,-212840
,01JPRSMKCVSKJ4V4RYW1AV7JQM,01JGCGXGGS9W8XGDQB0AXNN7HN,2025-03-20 03:30:34.68,2025-03-20 03:30:34.68,195391,-17449,297154,-212840
,01JPRSMPQG91P1K7F27AHQMWKM,01JGCGXGGS9W8XGDQB0AXNN7HN,2025-03-20 03:30:38.061,2025-03-20 03:30:38.061,195391,-17449,297154,-212840
,01JPRSMT7VJT2SAB36T4D3FBBN,01JGCGXGGS9W8XGDQB0AXNN7HN,2025-03-20 03:30:41.648,2025-03-20 03:30:41.648,195391,-17449,297154,-212840
,01JPRSMXP5KRPWVXASQV4RRY42,01JGCGXGGS9W8XGDQB0AXNN7HN,2025-03-20 03:30:45.182,2025-03-20 03:30:45.182,195391,-17449,297154,-212840
,01JPRSN1QBCTSFSXVWXF2QYC31,01JGCGXGGS9W8XGDQB0AXNN7HN,2025-03-20 03:30:49.31,2025-03-20 03:30:49.31,195391,-17449,297154,-212840
,01JPRSN5W387BTFBGK2EG5MK5H,01JGCGXGGS9W8XGDQB0AXNN7HN,2025-03-20 03:30:53.58,2025-03-20 03:30:53.58,195391,-17449,297154,-212840
,01JPRSNADASN3CS6S9RWV992MN,01JGCGXGGS9W8XGDQB0AXNN7HN,2025-03-20 03:30:58.225,2025-03-20 03:30:58.225,195391,-17449,297154,-212840
,01JPRSNEDSMYDK6EMWA70R5V7W,01JGCGXGGS9W8XGDQB0AXNN7HN,2025-03-20 03:31:02.335,2025-03-20 03:31:02.335,195391,-17449,297154,-212840
,01JPRSNK4RFVFH2E9BW7SK9J8B,01JGCGXGGS9W8XGDQB0AXNN7HN,2025-03-20 03:31:07.14,2025-03-20 03:31:07.14,195391,-17449,297154,-212840
,01JPRSNQ6PSMR1371MD67SGJQ1,01JGCGXGGS9W8XGDQB0AXNN7HN,2025-03-20 03:31:11.36,2025-03-20 03:31:11.36,195391,-17449,297154,-212840
,01JPRSNVSFSXWZ2C1Z3Y5WBNPP,01JGCGXGGS9W8XGDQB0AXNN7HN,2025-03-20 03:31:15.992,2025-03-20 03:31:15.992,195391,-17449,297154,-212840
,01JPRSNYKXSFCY78MWJC9MMHGX,01JGCGXGGS9W8XGDQB0AXNN7HN,2025-03-20 03:31:18.885,2025-03-20 03:31:18.885,195391,-17449,297154,-212840
,01JPRSP1DZ1V6SWX4P4B4S52YX,01JGCGXGGS9W8XGDQB0AXNN7HN,2025-03-20 03:31:21.758,2025-03-20 03:31:21.758,195391,-17449,297154,-212840
,01JPRSP4P1SJ5KPE4E95WQTQRN,01JGCGXGGS9W8XGDQB0AXNN7HN,2025-03-20 03:31:25.113,2025-03-20 03:31:25.113,195391,-17449,297154,-212840
,01JPRSP7ZQB7Q249WD2G17P3P2,01JGCGXGGS9W8XGDQB0AXNN7HN,2025-03-20 03:31:28.549,2025-03-20 03:31:28.549,195391,-17449,297154,-212840
,01JPRSPBMNV5VMS5B18288EYW8,01JGCGXGGS9W8XGDQB0AXNN7HN,2025-03-20 03:31:32.225,2025-03-20 03:31:32.225,195391,-17449,297154,-212840
,01JPRSPFWR4BY4DRBVDA561B3H,01JGCGXGGS9W8XGDQB0AXNN7HN,2025-03-20 03:31:36.603,2025-03-20 03:31:36.603,195391,-17449,297154,-212840
,01JPRSPK2N3AA9N59SRHQQS4CV,01JGCGXGGS9W8XGDQB0AXNN7HN,2025-03-20 03:31:39.831,2025-03-20 03:31:39.831,195391,-17449,297154,-212840
,01JPVB9K8V4B6569TGTHR8TMY6,01JGCGXGGS9W8XGDQB0AXNN7HN,2025-03-21 03:17:37.303,2025-03-21 03:17:37.303,195391,-17449,297154,-212840
,01JPVB9NRJDZK7PVSQ095GD4NM,01JGCGXGGS9W8XGDQB0AXNN7HN,2025-03-21 03:17:39.813,2025-03-21 03:17:39.813,195391,-17449,297154,-212840
,01JPVB9RMNGF2V04E4YPZMQQJ7,01JGCGXGGS9W8XGDQB0AXNN7HN,2025-03-21 03:17:42.773,2025-03-21 03:17:42.773,195391,-17449,297154,-212840
,01JPVB9VDJKFF5CR8EKH4KBBPP,01JGCGXGGS9W8XGDQB0AXNN7HN,2025-03-21 03:17:45.618,2025-03-21 03:17:45.618,195391,-17449,297154,-212840
,01JPVB9YN2BM8XS199VTRMSZ4A,01JGCGXGGS9W8XGDQB0AXNN7HN,2025-03-21 03:17:48.972,2025-03-21 03:17:48.972,195391,-17449,297154,-212840
,01JPVBEGFV5GVRSHKAZTM01716,01JGCGXGGS9W8XGDQB0AXNN7HN,2025-03-21 03:20:18.298,2025-03-21 03:20:18.298,195391,-17449,297154,-212840
,01JPVBEKHM531WXQWSFPTGRDY5,01JGCGXGGS9W8XGDQB0AXNN7HN,2025-03-21 03:20:21.401,2025-03-21 03:20:21.401,195391,-17449,297154,-212840
,01JPVBEPXKRG8DHY9EZCR60H5Z,01JGCGXGGS9W8XGDQB0AXNN7HN,2025-03-21 03:20:24.857,2025-03-21 03:20:24.857,195391,-17449,297154,-212840
,01JPVBETCTH1NA6S75GGXKK9BG,01JGCGXGGS9W8XGDQB0AXNN7HN,2025-03-21 03:20:28.445,2025-03-21 03:20:28.445,195391,-17449,297154,-212840
,01JPVBEY7NHCHCYBHKRSQNEDDX,01JGCGXGGS9W8XGDQB0AXNN7HN,2025-03-21 03:20:32.387,2025-03-21 03:20:32.387,195391,-17449,297154,-212840
,01JPVBG2FF97ZW3SC3BZ21GBH3,01JGCGXGGS9W8XGDQB0AXNN7HN,2025-03-21 03:21:09.435,2025-03-21 03:21:09.435,195391,-17449,297154,-212840
,01JPVBG40FP7V2BFYATRPE44NB,01JGCGXGGS9W8XGDQB0AXNN7HN,2025-03-21 03:21:10.929,2025-03-21 03:21:10.929,195391,-17449,297154,-212840
,01JPVBG5CJM2NYTKH4WJWQJFHQ,01JGCGXGGS9W8XGDQB0AXNN7HN,2025-03-21 03:21:12.339,2025-03-21 03:21:12.339,195391,-17449,297154,-212840
,01JPVBG6R96BJR59GQCQZC19NW,01JGCGXGGS9W8XGDQB0AXNN7HN,2025-03-21 03:21:13.738,2025-03-21 03:21:13.738,195391,-17449,297154,-212840
,01JPVBG84TGGPAW6F7C3XGE45H,01JGCGXGGS9W8XGDQB0AXNN7HN,2025-03-21 03:21:15.163,2025-03-21 03:21:15.163,195391,-17449,297154,-212840
,01JPVBG9GFG9652JNP25WFGMXS,01JGCGXGGS9W8XGDQB0AXNN7HN,2025-03-21 03:21:16.56,2025-03-21 03:21:16.56,195391,-17449,297154,-212840
,01JPVBGC4MY97S28663B4D0D4G,01JGCGXGGS9W8XGDQB0AXNN7HN,2025-03-21 03:21:19.253,2025-03-21 03:21:19.253,195391,-17449,297154,-212840
,01JPVBGFBFXY1E3WV8X0GFYJT6,01JGCGXGGS9W8XGDQB0AXNN7HN,2025-03-21 03:21:22.64,2025-03-21 03:21:22.64,195391,-17449,297154,-212840
,01JPVBH19X5WM5E4FJG2A0QJZY,01JGCGXGGS9W8XGDQB0AXNN7HN,2025-03-21 03:21:40.927,2025-03-21 03:21:40.927,195391,-17449,297154,-212840
,01JPXY3WJH4Z6DGA6T4ZZTDAWT,01JGCGXGGS9W8XGDQB0AXNN7HN,2025-03-22 03:25:02.058,2025-03-22 03:25:02.058,195391,-17449,297154,-212840
,01JPXY3ZW5PJDM85DYDVV5JYSZ,01JGCGXGGS9W8XGDQB0AXNN7HN,2025-03-22 03:25:05.379,2025-03-22 03:25:05.379,195391,-17449,297154,-212840
,01JPXY436TP9NTYDH15PDK7QX1,01JGCGXGGS9W8XGDQB0AXNN7HN,2025-03-22 03:25:08.795,2025-03-22 03:25:08.795,195391,-17449,297154,-212840
,01JPXY46G8X2QQ73V5BVJP69AY,01JGCGXGGS9W8XGDQB0AXNN7HN,2025-03-22 03:25:12.201,2025-03-22 03:25:12.201,195391,-17449,297154,-212840
,01JPXY4A3A9J30FJ12T22RJ8W9,01JGCGXGGS9W8XGDQB0AXNN7HN,2025-03-22 03:25:15.848,2025-03-22 03:25:15.848,195391,-17449,297154,-212840
,01JPXY4DHPA5YFKMW489VSRZ44,01JGCGXGGS9W8XGDQB0AXNN7HN,2025-03-22 03:25:19.39,2025-03-22 03:25:19.39,195391,-17449,297154,-212840
,01JPXY4HE27N1AK89J1R1ATZWJ,01JGCGXGGS9W8XGDQB0AXNN7HN,2025-03-22 03:25:23.378,2025-03-22 03:25:23.378,195391,-17449,297154,-212840
,01JPXY58A1B76T03ZSNMNXH4Y1,01JGCGXGGS9W8XGDQB0AXNN7HN,2025-03-22 03:25:46.695,2025-03-22 03:25:46.695,195391,-17449,297154,-212840
,01JPXY59QRMQCVM3XR7ZDC1DVB,01JGCGXGGS9W8XGDQB0AXNN7HN,2025-03-22 03:25:48.154,2025-03-22 03:25:48.154,195391,-17449,297154,-212840
,01JPXY5B757BY9ZCN6ZQEDHGFA,01JGCGXGGS9W8XGDQB0AXNN7HN,2025-03-22 03:25:49.671,2025-03-22 03:25:49.671,195391,-17449,297154,-212840
,01JPXY5CM6ABZ3YS6GYG782BS8,01JGCGXGGS9W8XGDQB0AXNN7HN,2025-03-22 03:25:51.111,2025-03-22 03:25:51.111,195391,-17449,297154,-212840
,01JPXY5DZPWGZ646TG8XBGBPNC,01JGCGXGGS9W8XGDQB0AXNN7HN,2025-03-22 03:25:52.503,2025-03-22 03:25:52.503,195391,-17449,297154,-212840
,01JPXY5FB2FJHPCY8TR1Y37E0Z,01JGCGXGGS9W8XGDQB0AXNN7HN,2025-03-22 03:25:53.891,2025-03-22 03:25:53.891,195391,-17449,297154,-212840
,01JPXY5HE336R5RKXA4EDJ62XW,01JGCGXGGS9W8XGDQB0AXNN7HN,2025-03-22 03:25:56.037,2025-03-22 03:25:56.037,195391,-17449,297154,-212840
,01JPXY5K6R7JX8PPTV8XVP819J,01JGCGXGGS9W8XGDQB0AXNN7HN,2025-03-22 03:25:57.849,2025-03-22 03:25:57.849,195391,-17449,297154,-212840
,01JPXY5MHWVQJ6JGFC60MADSG0,01JGCGXGGS9W8XGDQB0AXNN7HN,2025-03-22 03:25:59.229,2025-03-22 03:25:59.229,195391,-17449,297154,-212840
,01JPXY5P0V8QPEK7S6BG7VQJSG,01JGCGXGGS9W8XGDQB0AXNN7HN,2025-03-22 03:26:00.732,2025-03-22 03:26:00.732,195391,-17449,297154,-212840
,01JPXY5QCG2ZZM0MH1Q30QPWX0,01JGCGXGGS9W8XGDQB0AXNN7HN,2025-03-22 03:26:02.13,2025-03-22 03:26:02.13,195391,-17449,297154,-212840
,01JPXY5RRMFES00Y1BF5EQ579Z,01JGCGXGGS9W8XGDQB0AXNN7HN,2025-03-22 03:26:03.542,2025-03-22 03:26:03.542,195391,-17449,297154,-212840
,01JPXY5T3EV69R33CGCN40C9PJ,01JGCGXGGS9W8XGDQB0AXNN7HN,2025-03-22 03:26:04.911,2025-03-22 03:26:04.911,195391,-17449,297154,-212840
,01JPXY5VF174535XB7JEGYM8P7,01JGCGXGGS9W8XGDQB0AXNN7HN,2025-03-22 03:26:06.306,2025-03-22 03:26:06.306,195391,-17449,297154,-212840
,01JPXY5WX7N20H503MX7FWK95N,01JGCGXGGS9W8XGDQB0AXNN7HN,2025-03-22 03:26:07.786,2025-03-22 03:26:07.786,195391,-17449,297154,-212840
,01JPXY5Y84XH6P14MHJZZK4B0D,01JGCGXGGS9W8XGDQB0AXNN7HN,2025-03-22 03:26:09.157,2025-03-22 03:26:09.157,195391,-17449,297154,-212840
,01JPXY5ZK0EMKB10N3772VXC0T,01JGCGXGGS9W8XGDQB0AXNN7HN,2025-03-22 03:26:10.529,2025-03-22 03:26:10.529,195391,-17449,297154,-212840
,01JPXY6117VNX8R8PXTJ9J2N8X,01JGCGXGGS9W8XGDQB0AXNN7HN,2025-03-22 03:26:12.008,2025-03-22 03:26:12.008,195391,-17449,297154,-212840
,01JPXY630G5Q3E21YDTCFZD6S3,01JGCGXGGS9W8XGDQB0AXNN7HN,2025-03-22 03:26:14.034,2025-03-22 03:26:14.034,195391,-17449,297154,-212840
,01JPXY64V3JSHXB18VX6KYME54,01JGCGXGGS9W8XGDQB0AXNN7HN,2025-03-22 03:26:15.909,2025-03-22 03:26:15.909,195391,-17449,297154,-212840
,01JPXY6677M4R4W6YAJCK6G4WK,01JGCGXGGS9W8XGDQB0AXNN7HN,2025-03-22 03:26:17.32,2025-03-22 03:26:17.32,195391,-17449,297154,-212840
,01JQ0HS3JJ39M8FZT8RV5C5QE8,01JGCGXGGS9W8XGDQB0AXNN7HN,2025-03-23 03:47:09.275,2025-03-23 03:47:09.275,195391,-17449,297154,-212840
,01JQ0HSC1WSF734REAY87FMM5P,01JGCGXGGS9W8XGDQB0AXNN7HN,2025-03-23 03:47:17.917,2025-03-23 03:47:17.917,195391,-17449,297154,-212840
,01JQ0HSM0K5CFE2MXBFSZBYFZ3,01JGCGXGGS9W8XGDQB0AXNN7HN,2025-03-23 03:47:26.047,2025-03-23 03:47:26.047,195391,-17449,297154,-212840
,01JQ0HSSJDVMDWXSREZ2YT64W3,01JGCGXGGS9W8XGDQB0AXNN7HN,2025-03-23 03:47:31.757,2025-03-23 03:47:31.757,195391,-17449,297154,-212840
,01JQ0HT1TZYW8E0TA4A013660P,01JGCGXGGS9W8XGDQB0AXNN7HN,2025-03-23 03:47:40.218,2025-03-23 03:47:40.218,195391,-17449,297154,-212840
,01JQ0HT8P90SHG83CT9QJ5YFJH,01JGCGXGGS9W8XGDQB0AXNN7HN,2025-03-23 03:47:47.229,2025-03-23 03:47:47.229,195391,-17449,297154,-212840
,01JQ0HTGTDWDAGYFF009R40QEC,01JGCGXGGS9W8XGDQB0AXNN7HN,2025-03-23 03:47:55.535,2025-03-23 03:47:55.535,195391,-17449,297154,-212840
,01JQ0HTQMS8Q46PTC4TPYWWY3E,01JGCGXGGS9W8XGDQB0AXNN7HN,2025-03-23 03:48:02.519,2025-03-23 03:48:02.519,195391,-17449,297154,-212840
,01JQ0HV0H98CD9CNZM0T7XR29T,01JGCGXGGS9W8XGDQB0AXNN7HN,2025-03-23 03:48:11.637,2025-03-23 03:48:11.637,195391,-17449,297154,-212840
,01JQ32MF9RFCVSJ8659T9ZV1N1,01JGCGXGGS9W8XGDQB0AXNN7HN,2025-03-24 03:20:12.029,2025-03-24 03:20:12.029,195391,-17449,297154,-212840
,01JQ32MM1CZTCXW9B495TS8SZA,01JGCGXGGS9W8XGDQB0AXNN7HN,2025-03-24 03:20:16.838,2025-03-24 03:20:16.838,195391,-17449,297154,-212840
,01JQ32MRJ75EDTGAERGT6WTS2P,01JGCGXGGS9W8XGDQB0AXNN7HN,2025-03-24 03:20:21.479,2025-03-24 03:20:21.479,195391,-17449,297154,-212840
,01JQ32MX65HY4HX05RYG733Z9K,01JGCGXGGS9W8XGDQB0AXNN7HN,2025-03-24 03:20:26.215,2025-03-24 03:20:26.215,195391,-17449,297154,-212840
,01JQ32N1TP73R5WR3CDVY73GY1,01JGCGXGGS9W8XGDQB0AXNN7HN,2025-03-24 03:20:30.954,2025-03-24 03:20:30.954,195391,-17449,297154,-212840
,01JQ32N6VMBTAWZ3EY8Q3FT6KS,01JGCGXGGS9W8XGDQB0AXNN7HN,2025-03-24 03:20:36.102,2025-03-24 03:20:36.102,195391,-17449,297154,-212840
,01JQ32NDVWS73J4CMPKRK0H39N,01JGCGXGGS9W8XGDQB0AXNN7HN,2025-03-24 03:20:43.344,2025-03-24 03:20:43.344,195391,-17449,297154,-212840
,01JQ32NN57E3G9767FTNG08CPR,01JGCGXGGS9W8XGDQB0AXNN7HN,2025-03-24 03:20:50.814,2025-03-24 03:20:50.814,195391,-17449,297154,-212840
,01JQ32NX8ND4MQPYT6C9M225K5,01JGCGXGGS9W8XGDQB0AXNN7HN,2025-03-24 03:20:59.1,2025-03-24 03:20:59.1,195391,-17449,297154,-212840
,01JQ32P5E86BRG8DPXKQKBEZ2C,01JGCGXGGS9W8XGDQB0AXNN7HN,2025-03-24 03:21:07.52,2025-03-24 03:21:07.52,195391,-17449,297154,-212840
,01JQ32PFCG36K93EVZWBS0N8JX,01JGCGXGGS9W8XGDQB0AXNN7HN,2025-03-24 03:21:17.691,2025-03-24 03:21:17.691,195391,-17449,297154,-212840
,01JQ32PWM45ZNPC029F7JKS5XG,01JGCGXGGS9W8XGDQB0AXNN7HN,2025-03-24 03:21:31.236,2025-03-24 03:21:31.236,195391,-17449,297154,-212840
,01JQ32R62V6V2WK9DTCG2V48YG,01JGCGXGGS9W8XGDQB0AXNN7HN,2025-03-24 03:22:13.657,2025-03-24 03:22:13.657,195391,-17449,297154,-212840
,01JQ32RAJKREN25CWNEEHYD6M5,01JGCGXGGS9W8XGDQB0AXNN7HN,2025-03-24 03:22:18.206,2025-03-24 03:22:18.206,195391,-17449,297154,-212840
,01JQ32RF2JMMKTQPWKVYE47KCQ,01JGCGXGGS9W8XGDQB0AXNN7HN,2025-03-24 03:22:22.808,2025-03-24 03:22:22.808,195391,-17449,297154,-212840
,01JQ32RKP1WTCE5KH6H4Q618HF,01JGCGXGGS9W8XGDQB0AXNN7HN,2025-03-24 03:22:27.609,2025-03-24 03:22:27.609,195391,-17449,297154,-212840
,01JQ32RRY1VSQ45810XXKXJCQZ,01JGCGXGGS9W8XGDQB0AXNN7HN,2025-03-24 03:22:32.996,2025-03-24 03:22:32.996,195391,-17449,297154,-212840
,01JQ32RXXFZGRHR7S1700D964V,01JGCGXGGS9W8XGDQB0AXNN7HN,2025-03-24 03:22:37.963,2025-03-24 03:22:37.963,195391,-17449,297154,-212840
,01JQ5W44YEFJF7WTXSY0NJ00E5,01JGCGXGGS9W8XGDQB0AXNN7HN,2025-03-25 05:24:09.192,2025-03-25 05:24:09.192,195391,-17449,297154,-212840
,01JQ5W4NQQA3G1SHDY3Z608NAJ,01JGCGXGGS9W8XGDQB0AXNN7HN,2025-03-25 05:24:26.555,2025-03-25 05:24:26.555,195391,-17449,297154,-212840
,01JQ5W50ZKVFT99NM166MCAWZS,01JGCGXGGS9W8XGDQB0AXNN7HN,2025-03-25 05:24:37.862,2025-03-25 05:24:37.862,195391,-17449,297154,-212840
,01JQ5W5F5KDGDPZN7EF9KJ2KTG,01JGCGXGGS9W8XGDQB0AXNN7HN,2025-03-25 05:24:53.527,2025-03-25 05:24:53.527,195391,-17449,297154,-212840
,01JQ5W5WVB50GXJZEGQ48YGNA3,01JGCGXGGS9W8XGDQB0AXNN7HN,2025-03-25 05:25:06.652,2025-03-25 05:25:06.652,195391,-17449,297154,-212840
,01JQ5W6GT3WYF8884AEZDYX0RE,01JGCGXGGS9W8XGDQB0AXNN7HN,2025-03-25 05:25:27.191,2025-03-25 05:25:27.191,195391,-17449,297154,-212840
,01JQ5W6XC0ZQ86WEAWH8VJH1TF,01JGCGXGGS9W8XGDQB0AXNN7HN,2025-03-25 05:25:39.993,2025-03-25 05:25:39.993,195391,-17449,297154,-212840
,01JQ5W7H2GZ4GZ1NHPRM2A94PH,01JGCGXGGS9W8XGDQB0AXNN7HN,2025-03-25 05:26:00.105,2025-03-25 05:26:00.105,195391,-17449,297154,-212840
,01JQ5W807VFN33J6W56Y93EBQK,01JGCGXGGS9W8XGDQB0AXNN7HN,2025-03-25 05:26:15.963,2025-03-25 05:26:15.963,195391,-17449,297154,-212840
,01JQ5W8JDBYGD2N2XYHDPC5TJQ,01JGCGXGGS9W8XGDQB0AXNN7HN,2025-03-25 05:26:34.774,2025-03-25 05:26:34.774,195391,-17449,297154,-212840
,01JQ5W95Z4DRV9KFN644VXVVFT,01JGCGXGGS9W8XGDQB0AXNN7HN,2025-03-25 05:26:54.688,2025-03-25 05:26:54.688,195391,-17449,297154,-212840
,01JQ5W9MR684D6WKS8YXJV4XXN,01JGCGXGGS9W8XGDQB0AXNN7HN,2025-03-25 05:27:09.821,2025-03-25 05:27:09.821,195391,-17449,297154,-212840
,01JQ5WABN41YJPPBTHHN6H5FS5,01JGCGXGGS9W8XGDQB0AXNN7HN,2025-03-25 05:27:33.142,2025-03-25 05:27:33.142,195391,-17449,297154,-212840
,01JQ5WAYVSHK7V68GP8C7PFM6W,01JGCGXGGS9W8XGDQB0AXNN7HN,2025-03-25 05:27:54.432,2025-03-25 05:27:54.432,195391,-17449,297154,-212840
,01JQ5WBVZBH4AP0SFNAFA2HV5X,01JGCGXGGS9W8XGDQB0AXNN7HN,2025-03-25 05:28:23.763,2025-03-25 05:28:23.763,195391,-17449,297154,-212840
,01JQ5WCN38MKPF8FQJD2MFFG73,01JGCGXGGS9W8XGDQB0AXNN7HN,2025-03-25 05:28:48.497,2025-03-25 05:28:48.497,195391,-17449,297154,-212840
,01JQ5WDBRNFJMM1QBBSA00TYDJ,01JGCGXGGS9W8XGDQB0AXNN7HN,2025-03-25 05:29:14.118,2025-03-25 05:29:14.118,195391,-17449,297154,-212840
,01JQ5WEBD8E2B2H1ZE63BQW22C,01JGCGXGGS9W8XGDQB0AXNN7HN,2025-03-25 05:29:45.22,2025-03-25 05:29:45.22,195391,-17449,297154,-212840
,01JQ5WFFHZG4B4EHXH7XPRPMW9,01JGCGXGGS9W8XGDQB0AXNN7HN,2025-03-25 05:30:21.212,2025-03-25 05:30:21.212,195391,-17449,297154,-212840
,01JQ5WGPKSRZJTN7J221SP9DS3,01JGCGXGGS9W8XGDQB0AXNN7HN,2025-03-25 05:31:01.02,2025-03-25 05:31:01.02,195391,-17449,297154,-212840
,01JQ5WHNFXVS8VB5J7PJ8E0QPS,01JGCGXGGS9W8XGDQB0AXNN7HN,2025-03-25 05:31:33.115,2025-03-25 05:31:33.115,195391,-17449,297154,-212840
,01JQ5WK0HPVQKJ7NGKMPQ6EVZE,01JGCGXGGS9W8XGDQB0AXNN7HN,2025-03-25 05:32:19.232,2025-03-25 05:32:19.232,195391,-17449,297154,-212840
,01JQ5WMJH61WH2C7KT0DQMCZRD,01JGCGXGGS9W8XGDQB0AXNN7HN,2025-03-25 05:33:08.692,2025-03-25 05:33:08.692,195391,-17449,297154,-212840
,01JQ5WZ9C6AARQXVANM81K6XEG,01JGCGXGGS9W8XGDQB0AXNN7HN,2025-03-25 05:39:01.266,2025-03-25 05:39:01.266,195391,-17449,297154,-212840
,01JQ5X2V89TQTVR0S01TMGET11,01JGCGXGGS9W8XGDQB0AXNN7HN,2025-03-25 05:40:58.149,2025-03-25 05:40:58.149,195391,-17449,297154,-212840
,01JQ5X67XTYW707PWA31C5CE8T,01JGCGXGGS9W8XGDQB0AXNN7HN,2025-03-25 05:42:49.172,2025-03-25 05:42:49.172,195391,-17449,297154,-212840
,01JQ87FD6TCXCK6Z8QQTNA6SC0,01JGCGXGGS9W8XGDQB0AXNN7HN,2025-03-26 03:21:01.37,2025-03-26 03:21:01.37,195391,-17449,297154,-212840
,01JQ87FVXJQK88JKDRYW2F5XNZ,01JGCGXGGS9W8XGDQB0AXNN7HN,2025-03-26 03:21:16.324,2025-03-26 03:21:16.324,195391,-17449,297154,-212840
,01JQ87GC9GXE4C3XWKQ8QM6M8F,01JGCGXGGS9W8XGDQB0AXNN7HN,2025-03-26 03:21:33.046,2025-03-26 03:21:33.046,195391,-17449,297154,-212840
,01JQ87GPKW9H4V33R6TQ3MAPRF,01JGCGXGGS9W8XGDQB0AXNN7HN,2025-03-26 03:21:43.572,2025-03-26 03:21:43.572,195391,-17449,297154,-212840
,01JQ87H0QKBHAGY42VFS1YRFQF,01JGCGXGGS9W8XGDQB0AXNN7HN,2025-03-26 03:21:53.867,2025-03-26 03:21:53.867,195391,-17449,297154,-212840
,01JQ87HB2WZREQAYJ1RG0HHEWE,01JGCGXGGS9W8XGDQB0AXNN7HN,2025-03-26 03:22:04.511,2025-03-26 03:22:04.511,195391,-17449,297154,-212840
,01JQ87HTMDK43G05J0NQ1EWF5F,01JGCGXGGS9W8XGDQB0AXNN7HN,2025-03-26 03:22:20.432,2025-03-26 03:22:20.432,195391,-17449,297154,-212840
,01JQ87KCVF94CCNKVD0W81TDD4,01JGCGXGGS9W8XGDQB0AXNN7HN,2025-03-26 03:23:11.683,2025-03-26 03:23:11.683,195391,-17449,297154,-212840
,01JQ87KF6M053PRH7414D6H6M4,01JGCGXGGS9W8XGDQB0AXNN7HN,2025-03-26 03:23:14.093,2025-03-26 03:23:14.093,195391,-17449,297154,-212840
,01JQ87KHFQV66ZBP39WX2DB1HD,01JGCGXGGS9W8XGDQB0AXNN7HN,2025-03-26 03:23:16.422,2025-03-26 03:23:16.422,195391,-17449,297154,-212840
,01JQ87KKPDGTH1RKVVFXS6CSY3,01JGCGXGGS9W8XGDQB0AXNN7HN,2025-03-26 03:23:18.675,2025-03-26 03:23:18.675,195391,-17449,297154,-212840
,01JQ87KP1WQFER65C0RTMF62DA,01JGCGXGGS9W8XGDQB0AXNN7HN,2025-03-26 03:23:21.111,2025-03-26 03:23:21.111,195391,-17449,297154,-212840
,01JQ87KR9DYQEVXZ592X5SYZH4,01JGCGXGGS9W8XGDQB0AXNN7HN,2025-03-26 03:23:23.385,2025-03-26 03:23:23.385,195391,-17449,297154,-212840
,01JQ87KTEFTAH04AGJGQQ8XR39,01JGCGXGGS9W8XGDQB0AXNN7HN,2025-03-26 03:23:25.589,2025-03-26 03:23:25.589,195391,-17449,297154,-212840
,01JQ87KWTC765V571QJPN8WB9R,01JGCGXGGS9W8XGDQB0AXNN7HN,2025-03-26 03:23:28.031,2025-03-26 03:23:28.031,195391,-17449,297154,-212840
,01JQ87KZ4KFH6199QXY177A5BQ,01JGCGXGGS9W8XGDQB0AXNN7HN,2025-03-26 03:23:30.409,2025-03-26 03:23:30.409,195391,-17449,297154,-212840
,01JQ87M1KQ9HETHFM37RH2M3SJ,01JGCGXGGS9W8XGDQB0AXNN7HN,2025-03-26 03:23:32.983,2025-03-26 03:23:32.983,195391,-17449,297154,-212840
,01JQ87M448AZQADPJ5MR2RR4TN,01JGCGXGGS9W8XGDQB0AXNN7HN,2025-03-26 03:23:35.529,2025-03-26 03:23:35.529,195391,-17449,297154,-212840
,01JQ87M71X0C93A9Z1M6VKHCXV,01JGCGXGGS9W8XGDQB0AXNN7HN,2025-03-26 03:23:38.525,2025-03-26 03:23:38.525,195391,-17449,297154,-212840
,01JQ87M9WS3CYS50NYHSXC9CY6,01JGCGXGGS9W8XGDQB0AXNN7HN,2025-03-26 03:23:41.427,2025-03-26 03:23:41.427,195391,-17449,297154,-212840
,01JQ87MCJ22EKPV04EEXQ4YVEZ,01JGCGXGGS9W8XGDQB0AXNN7HN,2025-03-26 03:23:44.162,2025-03-26 03:23:44.162,195391,-17449,297154,-212840
,01JQATRE8XPW5QHBSNZ4GJWC4Y,01JGCGXGGS9W8XGDQB0AXNN7HN,2025-03-27 03:36:28.863,2025-03-27 03:36:28.863,195391,-17449,297154,-212840
,01JQATRH72KCKWCAX5484E20D1,01JGCGXGGS9W8XGDQB0AXNN7HN,2025-03-27 03:36:31.806,2025-03-27 03:36:31.806,195391,-17449,297154,-212840
,01JQATRKQYCND1FEV05N6WX87H,01JGCGXGGS9W8XGDQB0AXNN7HN,2025-03-27 03:36:34.394,2025-03-27 03:36:34.394,195391,-17449,297154,-212840
,01JQATRPG2QD5Z6RHSH5XVJD9D,01JGCGXGGS9W8XGDQB0AXNN7HN,2025-03-27 03:36:37.213,2025-03-27 03:36:37.213,195391,-17449,297154,-212840
,01JQATRSAP2DW7F3YRZ1E43SGX,01JGCGXGGS9W8XGDQB0AXNN7HN,2025-03-27 03:36:40.137,2025-03-27 03:36:40.137,195391,-17449,297154,-212840
,01JQATRW0ZB8Q7SP41MPF0KFFP,01JGCGXGGS9W8XGDQB0AXNN7HN,2025-03-27 03:36:42.878,2025-03-27 03:36:42.878,195391,-17449,297154,-212840
,01JQATRYMDY8JASCKXJQHEJE42,01JGCGXGGS9W8XGDQB0AXNN7HN,2025-03-27 03:36:45.543,2025-03-27 03:36:45.543,195391,-17449,297154,-212840
,01JQATS11EA5ZXTMS7GJC17WD4,01JGCGXGGS9W8XGDQB0AXNN7HN,2025-03-27 03:36:48.009,2025-03-27 03:36:48.009,195391,-17449,297154,-212840
,01JQATS3G0A23ZJCCH3SWN9JHV,01JGCGXGGS9W8XGDQB0AXNN7HN,2025-03-27 03:36:50.515,2025-03-27 03:36:50.515,195391,-17449,297154,-212840
,01JQATS5VJKMJMY84A375HZT8K,01JGCGXGGS9W8XGDQB0AXNN7HN,2025-03-27 03:36:52.943,2025-03-27 03:36:52.943,195391,-17449,297154,-212840
,01JQATS8G5F6G1A4RMK0A2N3ZW,01JGCGXGGS9W8XGDQB0AXNN7HN,2025-03-27 03:36:55.662,2025-03-27 03:36:55.662,195391,-17449,297154,-212840
,01JQATSB2BMRM506P0KG01KY5Q,01JGCGXGGS9W8XGDQB0AXNN7HN,2025-03-27 03:36:58.284,2025-03-27 03:36:58.284,195391,-17449,297154,-212840
,01JQATSDQXPY6SPVGBM3EZ0H2S,01JGCGXGGS9W8XGDQB0AXNN7HN,2025-03-27 03:37:01.022,2025-03-27 03:37:01.022,195391,-17449,297154,-212840
,01JQATSGMZZ5ARH3V4JVNTGYH5,01JGCGXGGS9W8XGDQB0AXNN7HN,2025-03-27 03:37:04.024,2025-03-27 03:37:04.024,195391,-17449,297154,-212840
,01JQATSKX98ZM7CRVP7PD3PW2T,01JGCGXGGS9W8XGDQB0AXNN7HN,2025-03-27 03:37:07.436,2025-03-27 03:37:07.436,195391,-17449,297154,-212840
,01JQATSQ11J0N3W44V0GFC248Q,01JGCGXGGS9W8XGDQB0AXNN7HN,2025-03-27 03:37:10.543,2025-03-27 03:37:10.543,195391,-17449,297154,-212840
,01JQATSSTJ1192H07XMSK15S39,01JGCGXGGS9W8XGDQB0AXNN7HN,2025-03-27 03:37:13.473,2025-03-27 03:37:13.473,195391,-17449,297154,-212840
,01JQATSXB5G52MNTVXRFWEF2HP,01JGCGXGGS9W8XGDQB0AXNN7HN,2025-03-27 03:37:17.111,2025-03-27 03:37:17.111,195391,-17449,297154,-212840
,01JQATT1DKE25D520WHT7Q6BV3,01JGCGXGGS9W8XGDQB0AXNN7HN,2025-03-27 03:37:21.319,2025-03-27 03:37:21.319,195391,-17449,297154,-212840
,01JQATT5PMRKPSWDR9CW6PJ9ER,01JGCGXGGS9W8XGDQB0AXNN7HN,2025-03-27 03:37:25.569,2025-03-27 03:37:25.569,195391,-17449,297154,-212840
,01JQATT9F2DZRHW4VPG5Y7H40P,01JGCGXGGS9W8XGDQB0AXNN7HN,2025-03-27 03:37:29.444,2025-03-27 03:37:29.444,195391,-17449,297154,-212840
,01JQATTDY8GED1FZBWGHM21PAH,01JGCGXGGS9W8XGDQB0AXNN7HN,2025-03-27 03:37:34.026,2025-03-27 03:37:34.026,195391,-17449,297154,-212840
,01JQATTHQNPR0QX8X7MY43N0VT,01JGCGXGGS9W8XGDQB0AXNN7HN,2025-03-27 03:37:37.932,2025-03-27 03:37:37.932,195391,-17449,297154,-212840
,01JQATTNNZVKN8X0SB24TRGHZT,01JGCGXGGS9W8XGDQB0AXNN7HN,2025-03-27 03:37:41.975,2025-03-27 03:37:41.975,195391,-17449,297154,-212840
,01JQATTTPY3RQKEAB8AZAY3JQK,01JGCGXGGS9W8XGDQB0AXNN7HN,2025-03-27 03:37:47.291,2025-03-27 03:37:47.291,195391,-17449,297154,-212840
,01JQATTZR6E88ZQBPTJH3DZ1EY,01JGCGXGGS9W8XGDQB0AXNN7HN,2025-03-27 03:37:52.32,2025-03-27 03:37:52.32,195391,-17449,297154,-212840
,01JQATV4PPV47Z95PK8W2B66M1,01JGCGXGGS9W8XGDQB0AXNN7HN,2025-03-27 03:37:57.386,2025-03-27 03:37:57.386,195391,-17449,297154,-212840
,01JQATVBFCZ9WBBEGHHT8AG1NR,01JGCGXGGS9W8XGDQB0AXNN7HN,2025-03-27 03:38:04.247,2025-03-27 03:38:04.247,195391,-17449,297154,-212840
,01JQATVDY6C33CGVFF0NZ5G4YT,01JGCGXGGS9W8XGDQB0AXNN7HN,2025-03-27 03:38:06.774,2025-03-27 03:38:06.774,195391,-17449,297154,-212840
,01JQATVG8JN21KFAP660DVNVFB,01JGCGXGGS9W8XGDQB0AXNN7HN,2025-03-27 03:38:09.137,2025-03-27 03:38:09.137,195391,-17449,297154,-212840
,01JQDDEK8C8NZHVA8EYASKP9KT,01JGCGXGGS9W8XGDQB0AXNN7HN,2025-03-28 03:41:38.32,2025-03-28 03:41:38.32,195391,-17449,297154,-212840
,01JQDDETKXRH33Q7FBJ7W77FVW,01JGCGXGGS9W8XGDQB0AXNN7HN,2025-03-28 03:41:45.676,2025-03-28 03:41:45.676,195391,-17449,297154,-212840
,01JQDDF2Y1C2ZJWRJ7DD75TV1X,01JGCGXGGS9W8XGDQB0AXNN7HN,2025-03-28 03:41:54.214,2025-03-28 03:41:54.214,195391,-17449,297154,-212840
,01JQDDFC3BHFXEXWBB6Q7Y9K51,01JGCGXGGS9W8XGDQB0AXNN7HN,2025-03-28 03:42:03.578,2025-03-28 03:42:03.578,195391,-17449,297154,-212840
,01JQDDFMQS4CXKGVMHQC9HWZEW,01JGCGXGGS9W8XGDQB0AXNN7HN,2025-03-28 03:42:12.471,2025-03-28 03:42:12.471,195391,-17449,297154,-212840
,01JQDDGHN3G98E4HX4DS4ZRDX6,01JGCGXGGS9W8XGDQB0AXNN7HN,2025-03-28 03:42:41.828,2025-03-28 03:42:41.828,195391,-17449,297154,-212840
,01JQDDGK0T2MBG8XGBK6K9A5GC,01JGCGXGGS9W8XGDQB0AXNN7HN,2025-03-28 03:42:43.227,2025-03-28 03:42:43.227,195391,-17449,297154,-212840
,01JQDDGMBTJX8G5RQCG8TZY8MV,01JGCGXGGS9W8XGDQB0AXNN7HN,2025-03-28 03:42:44.605,2025-03-28 03:42:44.605,195391,-17449,297154,-212840
,01JQDDGNY4KJESRG1KVREAND5J,01JGCGXGGS9W8XGDQB0AXNN7HN,2025-03-28 03:42:46.213,2025-03-28 03:42:46.213,195391,-17449,297154,-212840
,01JQDDGQ81Q19TFR281HSMGK7Z,01JGCGXGGS9W8XGDQB0AXNN7HN,2025-03-28 03:42:47.554,2025-03-28 03:42:47.554,195391,-17449,297154,-212840
,01JQDDGRJS12X6Y1KY2ZDJ4P2G,01JGCGXGGS9W8XGDQB0AXNN7HN,2025-03-28 03:42:48.922,2025-03-28 03:42:48.922,195391,-17449,297154,-212840
,01JQDDGTG260BRB1FYBN7K0YTA,01JGCGXGGS9W8XGDQB0AXNN7HN,2025-03-28 03:42:50.884,2025-03-28 03:42:50.884,195391,-17449,297154,-212840
,01JQDDGW67H2SR4J0M26BJ2ZCZ,01JGCGXGGS9W8XGDQB0AXNN7HN,2025-03-28 03:42:52.616,2025-03-28 03:42:52.616,195391,-17449,297154,-212840
,01JQDDGXH21F3FPYK5S55CWVQJ,01JGCGXGGS9W8XGDQB0AXNN7HN,2025-03-28 03:42:53.987,2025-03-28 03:42:53.987,195391,-17449,297154,-212840
,01JQDDGYVJGRZE2DJC961NCMZX,01JGCGXGGS9W8XGDQB0AXNN7HN,2025-03-28 03:42:55.348,2025-03-28 03:42:55.348,195391,-17449,297154,-212840
,01JQDDH05KPD32A83CTVTY1A5S,01JGCGXGGS9W8XGDQB0AXNN7HN,2025-03-28 03:42:56.692,2025-03-28 03:42:56.692,195391,-17449,297154,-212840
,01JQDDH1GYP5MJ7VTJH5YANP13,01JGCGXGGS9W8XGDQB0AXNN7HN,2025-03-28 03:42:58.079,2025-03-28 03:42:58.079,195391,-17449,297154,-212840
,01JQDDH2ZWX0TNPN0KWF2HH0QJ,01JGCGXGGS9W8XGDQB0AXNN7HN,2025-03-28 03:42:59.678,2025-03-28 03:42:59.678,195391,-17449,297154,-212840
,01JQFYBCW101NE1SATGYRS6PQQ,01JGCGXGGS9W8XGDQB0AXNN7HN,2025-03-29 03:15:27.94,2025-03-29 03:15:27.94,1040994,787035,1384871,-253959
,01JQFYBHFM6TT3AJ6Q734DSZ93,01JGCGXGGS9W8XGDQB0AXNN7HN,2025-03-29 03:15:32.614,2025-03-29 03:15:32.614,1040994,787035,1384871,-253959
,01JQFYBNY47M3WCPVDJXYVH07J,01JGCGXGGS9W8XGDQB0AXNN7HN,2025-03-29 03:15:37.153,2025-03-29 03:15:37.153,1040994,787035,1384871,-253959
,01JQFYBT1551BPNXF1ZDJVMPV3,01JGCGXGGS9W8XGDQB0AXNN7HN,2025-03-29 03:15:41.35,2025-03-29 03:15:41.35,1040994,787035,1384871,-253959
,01JQFYBY6CT5KS79KXHQCMFKXA,01JGCGXGGS9W8XGDQB0AXNN7HN,2025-03-29 03:15:45.66,2025-03-29 03:15:45.66,1040994,787035,1384871,-253959
,01JQFYC26B4GBTEYJ9PWQ2QKKK,01JGCGXGGS9W8XGDQB0AXNN7HN,2025-03-29 03:15:49.804,2025-03-29 03:15:49.804,1040994,787035,1384871,-253959
,01JQFYC62FHWHWBQWCBPBCF4P3,01JGCGXGGS9W8XGDQB0AXNN7HN,2025-03-29 03:15:53.689,2025-03-29 03:15:53.689,1040994,787035,1384871,-253959
,01JQFYC9T7SQAT0RM3HRY3Y8P4,01JGCGXGGS9W8XGDQB0AXNN7HN,2025-03-29 03:15:57.527,2025-03-29 03:15:57.527,1040994,787035,1384871,-253959
,01JQFYCCSV6TCG1TCQ99572ZWT,01JGCGXGGS9W8XGDQB0AXNN7HN,2025-03-29 03:16:00.572,2025-03-29 03:16:00.572,1040994,787035,1384871,-253959
,01JQFYCG7REXX3965HWP91CX0A,01JGCGXGGS9W8XGDQB0AXNN7HN,2025-03-29 03:16:04.147,2025-03-29 03:16:04.147,1040994,787035,1384871,-253959
,01JQFYCKYZQGH5Y5YKY0469FFY,01JGCGXGGS9W8XGDQB0AXNN7HN,2025-03-29 03:16:07.922,2025-03-29 03:16:07.922,1040994,787035,1384871,-253959
,01JQFYCWK55N4VJZBBPA4TVF6B,01JGCGXGGS9W8XGDQB0AXNN7HN,2025-03-29 03:16:16.692,2025-03-29 03:16:16.692,1040994,787035,1384871,-253959
,01JQFYCYW5NMYMVMCFGCWT2Y4X,01JGCGXGGS9W8XGDQB0AXNN7HN,2025-03-29 03:16:19.042,2025-03-29 03:16:19.042,1040994,787035,1384871,-253959
,01JQFYD17NWFQ1YG2FNXH1GJ94,01JGCGXGGS9W8XGDQB0AXNN7HN,2025-03-29 03:16:21.452,2025-03-29 03:16:21.452,1040994,787035,1384871,-253959
,01JQFYD3J39RW6YBPE1S83H1VA,01JGCGXGGS9W8XGDQB0AXNN7HN,2025-03-29 03:16:23.86,2025-03-29 03:16:23.86,1040994,787035,1384871,-253959
,01JQFYD5SYC3SSME5WMD09HV21,01JGCGXGGS9W8XGDQB0AXNN7HN,2025-03-29 03:16:26.128,2025-03-29 03:16:26.128,1040994,787035,1384871,-253959
,01JQFYD82GG6G4PCD329235FFW,01JGCGXGGS9W8XGDQB0AXNN7HN,2025-03-29 03:16:28.449,2025-03-29 03:16:28.449,1040994,787035,1384871,-253959
,01JQFYDAC6Q08PCJABAYGNHRMJ,01JGCGXGGS9W8XGDQB0AXNN7HN,2025-03-29 03:16:30.817,2025-03-29 03:16:30.817,1040994,787035,1384871,-253959
,01JQFYDCVCNT93YHYSZY26S51E,01JGCGXGGS9W8XGDQB0AXNN7HN,2025-03-29 03:16:33.352,2025-03-29 03:16:33.352,1040994,787035,1384871,-253959
,01JQFYDF7EZN7VYATG745PP0NT,01JGCGXGGS9W8XGDQB0AXNN7HN,2025-03-29 03:16:35.79,2025-03-29 03:16:35.79,1040994,787035,1384871,-253959
,01JQJGQNADHCHNXJJ34ZVJZFDJ,01JGCGXGGS9W8XGDQB0AXNN7HN,2025-03-30 03:15:12.967,2025-03-30 03:15:12.967,1040994,787035,1384871,-253959
,01JQJGQSPQ1Z1KVCXGBAYV0Q83,01JGCGXGGS9W8XGDQB0AXNN7HN,2025-03-30 03:15:17.511,2025-03-30 03:15:17.511,1040994,787035,1384871,-253959
,01JQJGQY7TT650454JDZM59SPG,01JGCGXGGS9W8XGDQB0AXNN7HN,2025-03-30 03:15:22.132,2025-03-30 03:15:22.132,1040994,787035,1384871,-253959
,01JQJGR2RJXF9F12PEWHGW0SFG,01JGCGXGGS9W8XGDQB0AXNN7HN,2025-03-30 03:15:26.766,2025-03-30 03:15:26.766,1040994,787035,1384871,-253959
,01JQJGR7PYYH6YDRJB9YYHBDDT,01JGCGXGGS9W8XGDQB0AXNN7HN,2025-03-30 03:15:31.873,2025-03-30 03:15:31.873,1040994,787035,1384871,-253959
,01JQJGRCMQ4ST2N9H9HC4JWRQS,01JGCGXGGS9W8XGDQB0AXNN7HN,2025-03-30 03:15:36.871,2025-03-30 03:15:36.871,1040994,787035,1384871,-253959
,01JQJGRH83QX4ZGMYVA8F45J6G,01JGCGXGGS9W8XGDQB0AXNN7HN,2025-03-30 03:15:41.626,2025-03-30 03:15:41.626,1040994,787035,1384871,-253959
,01JQJGRR3X5YANRSQK6HX0EHXJ,01JGCGXGGS9W8XGDQB0AXNN7HN,2025-03-30 03:15:48.691,2025-03-30 03:15:48.691,1040994,787035,1384871,-253959
,01JQJGRZ97YTB0XSYWY02SMYVV,01JGCGXGGS9W8XGDQB0AXNN7HN,2025-03-30 03:15:56.023,2025-03-30 03:15:56.023,1040994,787035,1384871,-253959
,01JQJGS76WTT3E6TZ5YBCEAMPA,01JGCGXGGS9W8XGDQB0AXNN7HN,2025-03-30 03:16:04.184,2025-03-30 03:16:04.184,1040994,787035,1384871,-253959
,01JQJGSENTXBWMEQYXVAJSAAQH,01JGCGXGGS9W8XGDQB0AXNN7HN,2025-03-30 03:16:11.817,2025-03-30 03:16:11.817,1040994,787035,1384871,-253959
,01JQJGSPVZ0Y6DYZWZW463QZ7X,01JGCGXGGS9W8XGDQB0AXNN7HN,2025-03-30 03:16:20.206,2025-03-30 03:16:20.206,1040994,787035,1384871,-253959
,01JQJGT18JNHSPRY6K76BC0GAV,01JGCGXGGS9W8XGDQB0AXNN7HN,2025-03-30 03:16:30.867,2025-03-30 03:16:30.867,1040994,787035,1384871,-253959
,01JQJGTE9EFC1JMGJXPSYVTQBS,01JGCGXGGS9W8XGDQB0AXNN7HN,2025-03-30 03:16:44.229,2025-03-30 03:16:44.229,1040994,787035,1384871,-253959
,01JQJGTVRKYTSQBVHQ1EJBJYGD,01JGCGXGGS9W8XGDQB0AXNN7HN,2025-03-30 03:16:58.033,2025-03-30 03:16:58.033,1040994,787035,1384871,-253959
,01JQJGVCGJR5NQNDYBT3HSSHZH,01JGCGXGGS9W8XGDQB0AXNN7HN,2025-03-30 03:17:15.153,2025-03-30 03:17:15.153,1040994,787035,1384871,-253959
,01JQJGW2CSX86VJAPNG7J16VPZ,01JGCGXGGS9W8XGDQB0AXNN7HN,2025-03-30 03:17:39.736,2025-03-30 03:17:39.736,1040994,787035,1384871,-253959
,01JQJGWS4KMBMA35C9ZPXJ887M,01JGCGXGGS9W8XGDQB0AXNN7HN,2025-03-30 03:18:00.99,2025-03-30 03:18:00.99,1040994,787035,1384871,-253959
,01JQJGXGEP3G3YZXG42KG2NNEY,01JGCGXGGS9W8XGDQB0AXNN7HN,2025-03-30 03:18:24.802,2025-03-30 03:18:24.802,1040994,787035,1384871,-253959
,01JQJGYJJTPMW9Z2ZZ7XEHF696,01JGCGXGGS9W8XGDQB0AXNN7HN,2025-03-30 03:19:01.389,2025-03-30 03:19:01.389,1040994,787035,1384871,-253959
,01JQN3ZPWHVP99J3F6BS5MYTPJ,01JGCGXGGS9W8XGDQB0AXNN7HN,2025-03-31 03:30:08.679,2025-03-31 03:30:08.679,1040994,787035,1384871,-253959